id,name,gender,gender_probability,age,age_group,country_id,country_name,country_probability,created_at
019dcdb2-200f-7074-800c-0751c5670fd9,Mercy Agyei,female,0.79,9,child,NG,Nigeria,0.11,2026-04-27T06:48:18Z
019dcdb2-200f-75fa-801b-25ffb9aec091,Hassan Girma,male,0.85,37,adult,UG,Uganda,0.38,2026-04-27T06:48:18Z
019dcdb2-200f-7c2f-8018-df6d77358575,Nabil Saidi,male,0.8,80,senior,SD,Sudan,0.49,2026-04-27T06:48:18Z
019dcdb2-200f-770f-8002-a9c528ac49fc,Kimberly Scott,female,0.9,5,child,US,United States,0.34,2026-04-27T06:48:18Z
019dcdb2-200f-7dd0-800c-35de6a7c40de,Nandi Girma,female,0.8,57,adult,MG,Madagascar,0.4,2026-04-27T06:48:18Z
019dcdb2-200f-7ad7-800e-bc6d6e4cbc8f,John Adams,male,0.98,37,adult,GB,United Kingdom,0.52,2026-04-27T06:48:18Z
019dcdb2-200f-7bfa-801d-6b740843d9bd,Elizabeth Harris,female,0.77,32,adult,IN,India,0.11,2026-04-27T06:48:18Z
019dcdb2-200f-7bcf-800e-5ee609542608,Anne Kasavubu,female,0.88,43,adult,CM,Cameroon,0.29,2026-04-27T06:48:18Z
019dcdb2-200f-761d-8008-53fc546c140d,Yaa Adomou,female,0.78,50,adult,CV,Cape Verde,0.28,2026-04-27T06:48:18Z
019dcdb2-200f-727f-801c-9a42606daec3,Miséricorde Eyeghe,female,0.88,45,adult,CG,Republic of the Congo,0.36,2026-04-27T06:48:18Z
019dcdb2-200f-7fe5-801f-ba1c79d9a9f3,Odhiambo Kamau,male,0.7,64,senior,MZ,Mozambique,0.48,2026-04-27T06:48:18Z
019dcdb2-200f-7bf3-8019-45c3222e572f,Zanele Moyo,female,0.9,58,adult,ZA,South Africa,0.6,2026-04-27T06:48:18Z
019dcdb2-200f-7bfd-8012-1ce4f94b9ee0,Paul Sidibé,male,0.75,40,adult,ML,Mali,0.23,2026-04-27T06:48:18Z
019dcdb2-200f-7bab-8009-c8441906f9c9,Tafadzwa Cele,male,0.92,37,adult,ZA,South Africa,0.5,2026-04-27T06:48:18Z
019dcdb2-200f-71c9-800e-5d19286af3a3,Awino Hassan,female,0.66,68,senior,TZ,Tanzania,0.6,2026-04-27T06:48:18Z
019dcdb2-200f-7133-8013-841b7056500e,Tanaka Khumalo,male,0.9,24,adult,ZA,South Africa,0.5,2026-04-27T06:48:18Z
019dcdb2-200f-70ce-801c-dd6b1d880682,Thandiwe Dube,female,0.81,15,teenager,AO,Angola,0.52,2026-04-27T06:48:18Z
019dcdb2-200f-736b-8017-79ffdae65be8,Tendai Mwangi,male,0.75,6,child,TZ,Tanzania,0.4,2026-04-27T06:48:18Z
019dcdb2-200f-7cdc-8017-e664f24ca23c,Susan Edwards,female,0.83,54,adult,IN,India,0.42,2026-04-27T06:48:18Z
019dcdb2-200f-7a02-801b-be9af0ba3104,Véronique Mukendi,female,0.77,55,adult,CD,DR Congo,0.24,2026-04-27T06:48:18Z
019dcdb2-200f-7dd2-800b-05e1563a2807,Kevin King,male,0.68,35,adult,FR,France,0.62,2026-04-27T06:48:18Z
019dcdb2-200f-7551-8008-e575d28708c1,Zanele Mnguni,female,0.68,30,adult,KE,Kenya,0.85,2026-04-27T06:48:18Z
019dcdb2-200f-789d-8016-62a99f775386,Tadesse Achieng,male,0.83,34,adult,UG,Uganda,0.49,2026-04-27T06:48:18Z
019dcdb2-200f-7402-8012-3cf1d8b5334f,Rakiya Otieno,female,0.97,14,teenager,KE,Kenya,0.38,2026-04-27T06:48:18Z
019dcdb2-2010-746e-8019-5bc607745a10,Mazvita Ndebele,female,0.76,50,adult,ZM,Zambia,0.91,2026-04-27T06:48:18Z
019dcdb2-2010-75b9-800f-28217a00ed3b,Carol Green,female,0.81,55,adult,GB,United Kingdom,0.65,2026-04-27T06:48:18Z
019dcdb2-2010-7d57-8014-1655c31c7d1b,Kagiso Mohamed,male,0.98,7,child,ER,Eritrea,0.43,2026-04-27T06:48:18Z
019dcdb2-2010-7b95-8006-69594aa4a444,Nomsa Ouma,female,0.94,42,adult,UG,Uganda,0.31,2026-04-27T06:48:18Z
019dcdb2-2010-78c0-8015-d26f0475837d,Sadiya Awino,female,0.7,17,teenager,TZ,Tanzania,0.24,2026-04-27T06:48:18Z
019dcdb2-2010-7d4d-8002-90b79bbd2586,Fortuné Mboumba,male,0.95,17,teenager,GA,Gabon,0.53,2026-04-27T06:48:18Z
019dcdb2-2010-72f3-8002-08b3cafcd2a0,Ayasha Kamau,female,0.82,46,adult,RW,Rwanda,0.68,2026-04-27T06:48:18Z
019dcdb2-2010-72b3-800a-f12bdb3e16c4,Adaeze Coulibaly,female,0.73,41,adult,NG,Nigeria,0.6,2026-04-27T06:48:18Z
019dcdb2-2010-7748-8003-0b9ced930025,Adhiambo Mnguni,female,0.79,83,senior,KE,Kenya,0.47,2026-04-27T06:48:18Z
019dcdb2-2010-7cd7-8014-27161d3a3f06,Maame Kaboré,female,0.8,56,adult,SN,Senegal,0.29,2026-04-27T06:48:18Z
019dcdb2-2010-75b5-800e-60ac22579baa,Rumbidzai Mnguni,female,0.96,32,adult,NA,Namibia,0.26,2026-04-27T06:48:18Z
019dcdb2-2010-74da-8010-6676ef615b79,Généreuse Mboumba,female,0.71,40,adult,CD,DR Congo,0.39,2026-04-27T06:48:18Z
019dcdb2-2010-7e23-8008-e120c99c4279,Bayo Ouédraogo,male,0.99,27,adult,NG,Nigeria,0.81,2026-04-27T06:48:18Z
019dcdb2-2010-799c-8016-7d879b4bed69,Joseph Scott,male,0.83,83,senior,GB,United Kingdom,0.22,2026-04-27T06:48:18Z
019dcdb2-2010-7099-801f-bc9711e42e49,Laila Saidi,female,0.66,52,adult,SD,Sudan,0.57,2026-04-27T06:48:18Z
019dcdb2-2010-74e5-8003-13b1aac92ed7,Sipho Mnguni,male,0.75,60,senior,KE,Kenya,0.35,2026-04-27T06:48:18Z
019dcdb2-2010-7cca-8016-ce0a98903b22,Esi Sawadogo,female,0.68,46,adult,GM,Gambia,0.18,2026-04-27T06:48:18Z
019dcdb2-2010-77a6-8011-996d90333315,Kunle Gbessi,male,0.84,61,senior,CI,Côte d'Ivoire,0.72,2026-04-27T06:48:18Z
019dcdb2-2010-7026-801f-4ff05d3575b4,Nour Rachidi,female,0.78,32,adult,SD,Sudan,0.56,2026-04-27T06:48:18Z
019dcdb2-2010-7179-8000-ee053aa58304,Tesfaye Ahmed,male,0.89,58,adult,MZ,Mozambique,0.88,2026-04-27T06:48:18Z
019dcdb2-2010-72f3-801a-60d3fed0551c,Aster Getachew,female,0.75,41,adult,ET,Ethiopia,0.85,2026-04-27T06:48:18Z
019dcdb2-2010-7453-8016-912b48adbc72,Bilkisu Abebe,female,0.65,24,adult,TZ,Tanzania,0.94,2026-04-27T06:48:18Z
019dcdb2-2010-776e-8006-5712bc37dc60,Walid Hajji,male,0.71,29,adult,MA,Morocco,0.51,2026-04-27T06:48:18Z
019dcdb2-2010-7c93-8009-d7976d511a16,Zodwa Bekele,female,0.81,36,adult,MW,Malawi,0.95,2026-04-27T06:48:18Z
019dcdb2-2010-7946-801f-ac54c9e9ae10,Andrew Thomas,male,0.66,28,adult,BR,Brazil,0.49,2026-04-27T06:48:18Z
019dcdb2-2010-7d92-8005-94cd423e5548,Kunle Zinsou,male,0.73,10,child,ML,Mali,0.94,2026-04-27T06:48:18Z
019dcdb2-2010-72aa-8002-a94a04d0b1a0,Maryam Odhiambo,female,0.67,18,teenager,TZ,Tanzania,0.24,2026-04-27T06:48:18Z
019dcdb2-2010-7b19-801d-4f5393a5477e,Ikram Benali,female,0.69,50,adult,TN,Tunisia,0.24,2026-04-27T06:48:18Z
019dcdb2-2010-76a4-8013-61ef86c90eb0,James Allen,male,0.83,14,teenager,FR,France,0.9,2026-04-27T06:48:18Z
019dcdb2-2010-7bf0-8015-d87162b57c65,Abdi Getachew,male,0.75,74,senior,KE,Kenya,0.21,2026-04-27T06:48:18Z
019dcdb2-2010-7117-801d-070c15e0ae97,Bongiwe Moyo,female,0.88,56,adult,ZA,South Africa,0.21,2026-04-27T06:48:18Z
019dcdb2-2010-7e74-8019-32d0f1bd2424,Thandeka Kamau,female,0.87,49,adult,SO,Somalia,0.93,2026-04-27T06:48:18Z
019dcdb2-2010-7d2b-800d-ed6edd0d91c0,Rokhaya Konaté,female,0.76,17,teenager,NG,Nigeria,0.53,2026-04-27T06:48:18Z
019dcdb2-2010-74dc-801f-219876eaacfe,Nandi Mnguni,female,0.7,28,adult,NA,Namibia,0.59,2026-04-27T06:48:18Z
019dcdb2-2010-7483-8000-1d4f6c7760e8,Michael Campbell,male,0.65,58,adult,US,United States,0.28,2026-04-27T06:48:18Z
019dcdb2-2010-7f0c-8010-ddd09db5c9b6,Hamza Amrani,male,0.87,47,adult,TN,Tunisia,0.86,2026-04-27T06:48:18Z
019dcdb2-2010-7944-8000-c3424528409d,Assata Touré,female,0.83,29,adult,GH,Ghana,0.27,2026-04-27T06:48:18Z
019dcdb2-2010-7248-8003-ffc60f5be11e,Richard Torres,male,0.87,56,adult,US,United States,0.79,2026-04-27T06:48:18Z
019dcdb2-2010-7c97-8004-c1c03c1d565b,Nokwanda Mpofu,female,0.7,38,adult,ZW,Zimbabwe,0.49,2026-04-27T06:48:18Z
019dcdb2-2010-72c8-8019-fbf77157de28,Aya Khatib,female,0.66,49,adult,EG,Egypt,0.77,2026-04-27T06:48:18Z
019dcdb2-2010-7396-8010-4260ba3a11d6,Cheikh Bah,male,0.92,27,adult,GH,Ghana,0.56,2026-04-27T06:48:18Z
019dcdb2-2010-7bfc-8004-e90c86a0fd48,Akua Konaté,female,0.9,77,senior,BJ,Benin,0.72,2026-04-27T06:48:18Z
019dcdb2-2010-7066-8014-2861201947a5,Jacques Obiang,male,0.83,88,senior,CD,DR Congo,0.88,2026-04-27T06:48:18Z
019dcdb2-2010-764f-801a-0f3c05715b19,Chisom Okonkwo,female,0.81,29,adult,EH,Western Sahara,0.1,2026-04-27T06:48:18Z
019dcdb2-2010-70fa-8001-3683f598fd45,Sandra Parker,female,0.7,54,adult,US,United States,0.88,2026-04-27T06:48:18Z
019dcdb2-2010-774d-8014-c21db6de4394,Laura Thomas,female,0.79,35,adult,AU,Australia,0.6,2026-04-27T06:48:18Z
019dcdb2-2010-73fd-8000-57c9a6dc316b,Patient Bongo,male,0.84,57,adult,CD,DR Congo,0.66,2026-04-27T06:48:18Z
019dcdb2-2010-770d-801f-5a1fa22281e2,Younes Amrani,male,0.71,37,adult,MA,Morocco,0.19,2026-04-27T06:48:18Z
019dcdb2-2010-77f5-8013-0f17077dfd85,Kenneth Jackson,male,0.72,48,adult,GB,United Kingdom,0.65,2026-04-27T06:48:18Z
019dcdb2-2010-76fb-8014-ef7a542d151c,Wangari Khumalo,female,0.76,85,senior,ET,Ethiopia,0.55,2026-04-27T06:48:18Z
019dcdb2-2010-761c-8001-eb83327a2d47,Ndéye Agyei,female,0.91,66,senior,SN,Senegal,0.72,2026-04-27T06:48:18Z
019dcdb2-2010-786c-8006-64d26eabf1f3,Karen Allen,female,0.8,90,senior,GB,United Kingdom,0.37,2026-04-27T06:48:18Z
019dcdb2-2010-7718-800c-bd5f89d75d7c,Munashe Mthembu,male,0.96,45,adult,ZM,Zambia,0.26,2026-04-27T06:48:18Z
019dcdb2-2010-76bc-800c-92b45aaacf57,David Flores,male,0.72,25,adult,US,United States,0.21,2026-04-27T06:48:18Z
019dcdb2-2010-7ac2-800d-96e52906eaa8,René Kalonji,male,0.95,81,senior,CD,DR Congo,0.25,2026-04-27T06:48:18Z
019dcdb2-2010-7193-801e-dbaa20d5c44e,Mengistu Mengistu,male,0.75,43,adult,UG,Uganda,0.56,2026-04-27T06:48:18Z
019dcdb2-2010-7248-800a-c43b211debad,Andrew Anderson,male,0.71,5,child,AU,Australia,0.11,2026-04-27T06:48:18Z
019dcdb2-2010-7fb7-801e-ad309631ef0f,George Garcia,male,0.68,78,senior,CN,China,0.36,2026-04-27T06:48:18Z
019dcdb2-2010-7c49-8008-0a615c646344,Thandeka Dlamini,female,0.91,5,child,BW,Botswana,0.6,2026-04-27T06:48:18Z
019dcdb2-2010-7e01-8009-9645bb32187c,Mumbi Masondo,female,0.96,57,adult,KE,Kenya,0.44,2026-04-27T06:48:18Z
019dcdb2-2010-7115-801f-795f298bf945,Elizabeth Perez,female,0.87,47,adult,FR,France,0.24,2026-04-27T06:48:18Z
019dcdb2-2010-7b4f-8009-6d9e01161912,Hassan Lamrani,male,0.72,51,adult,EG,Egypt,0.93,2026-04-27T06:48:18Z
019dcdb2-2010-76b0-801d-6867f2cf08a3,Amina Ndlovu,female,0.79,55,adult,MG,Madagascar,0.23,2026-04-27T06:48:18Z
019dcdb2-2010-7f88-800f-c2ba1b71ec99,Yaa Tapsoba,female,0.74,22,adult,GH,Ghana,0.34,2026-04-27T06:48:18Z
019dcdb2-2010-7d5f-800e-d34037a0a07e,Mekdes Tadesse,female,0.97,20,adult,MZ,Mozambique,0.55,2026-04-27T06:48:18Z
019dcdb2-2010-7494-801b-6a0af9216316,Ismail Eze,male,0.78,62,senior,BJ,Benin,0.57,2026-04-27T06:48:18Z
019dcdb2-2011-76c6-800d-5a97f77a3d81,Théodore Keïta,male,0.91,9,child,GH,Ghana,0.38,2026-04-27T06:48:18Z
019dcdb2-2011-7282-800f-e5058f769d3a,Laura Mitchell,female,0.97,26,adult,CA,Canada,0.5,2026-04-27T06:48:18Z
019dcdb2-2011-752a-801d-33f0310126c7,Awino Jama,female,0.91,19,teenager,KE,Kenya,0.49,2026-04-27T06:48:18Z
019dcdb2-2011-7132-8019-caa58d3b1b79,Akosua Darko,female,0.7,72,senior,NG,Nigeria,0.72,2026-04-27T06:48:18Z
019dcdb2-2011-7fd7-8000-b4ad4d9f7164,Assata Kaboré,female,0.9,14,teenager,LR,Liberia,0.58,2026-04-27T06:48:18Z
019dcdb2-2011-7752-801b-53272a85c91d,Christopher Nguyen,male,0.85,16,teenager,US,United States,0.69,2026-04-27T06:48:18Z
019dcdb2-2011-7091-8002-2edaee6e0109,Didier Lokossou,male,0.87,23,adult,BJ,Benin,0.46,2026-04-27T06:48:18Z
019dcdb2-2011-7e6b-8000-a3673ca9fa22,Gary Hill,male,0.96,48,adult,GB,United Kingdom,0.78,2026-04-27T06:48:18Z
019dcdb2-2011-7497-8005-b362d840dd8a,Paul Bongo,male,0.79,57,adult,CM,Cameroon,0.24,2026-04-27T06:48:18Z
019dcdb2-2011-7b97-8001-88d86616af99,Waweru Alemu,male,0.85,66,senior,ER,Eritrea,0.25,2026-04-27T06:48:18Z
019dcdb2-22b9-79ba-8012-1326c1dd402b,Kimberly Hill,female,0.82,21,adult,US,United States,0.29,2026-04-27T06:48:18Z
019dcdb2-22ba-724c-801c-cb1894841fb5,Nompumelelo Bekele,female,0.7,69,senior,ET,Ethiopia,0.71,2026-04-27T06:48:18Z
019dcdb2-22ba-726e-8015-48245abfea7a,Joy Camara,female,0.71,56,adult,MR,Mauritania,0.55,2026-04-27T06:48:18Z
019dcdb2-22ba-7418-8014-4b115267578a,Nabil Amrani,male,0.69,47,adult,MA,Morocco,0.3,2026-04-27T06:48:18Z
019dcdb2-22ba-7bfb-8019-0a2235736657,Assata Compaoré,female,0.73,41,adult,GH,Ghana,0.78,2026-04-27T06:48:18Z
019dcdb2-22ba-7f63-8008-b5639eef1059,Tesfaye Nkosi,male,0.86,8,child,ET,Ethiopia,0.52,2026-04-27T06:48:18Z
019dcdb2-22ba-7520-8008-165195c40796,Mumbi Hassan,female,0.76,52,adult,ET,Ethiopia,0.79,2026-04-27T06:48:18Z
019dcdb2-22ba-7071-8016-8faffcf5c12c,Jason Jackson,male,0.65,5,child,IN,India,0.65,2026-04-27T06:48:18Z
019dcdb2-22ba-75bf-800c-b260a285053c,Adhiambo Farah,female,0.79,10,child,BI,Burundi,0.6,2026-04-27T06:48:18Z
019dcdb2-22ba-73ff-8019-1dd724a27dc2,Cheikh Agyei,male,0.79,49,adult,NG,Nigeria,0.19,2026-04-27T06:48:18Z
019dcdb2-22ba-7733-8003-96ea29d8cca4,Kunle Zongo,male,0.73,6,child,ML,Mali,0.74,2026-04-27T06:48:18Z
019dcdb2-22ba-7d19-800b-9de6e471eeeb,Simba Ndebele,male,0.84,56,adult,AO,Angola,0.72,2026-04-27T06:48:18Z
019dcdb2-22ba-73c8-8003-3103de78aa21,Omar Abdi,male,0.87,25,adult,ET,Ethiopia,0.19,2026-04-27T06:48:18Z
019dcdb2-22ba-7dd7-8007-cc30fea584ad,Farah Desta,male,0.99,18,teenager,KE,Kenya,0.7,2026-04-27T06:48:18Z
019dcdb2-22ba-7d86-8005-2766f3caf2c7,Hirut Warsame,female,0.77,31,adult,ET,Ethiopia,0.26,2026-04-27T06:48:18Z
019dcdb2-22ba-7bfd-800c-aa7fbce31b68,Afia Adomou,female,0.9,81,senior,BJ,Benin,0.32,2026-04-27T06:48:18Z
019dcdb2-22ba-7322-800f-73338b3ee073,Amira Alaoui,female,0.66,66,senior,TN,Tunisia,0.15,2026-04-27T06:48:18Z
019dcdb2-22ba-7746-8012-19f5e7c9e4bc,Mercy Coulibaly,female,0.77,89,senior,BF,Burkina Faso,0.42,2026-04-27T06:48:18Z
019dcdb2-22ba-7b02-8017-2418e6771fbc,Siham Khalil,female,0.86,55,adult,MA,Morocco,0.28,2026-04-27T06:48:18Z
019dcdb2-22ba-7f50-801a-aa6a665808f6,Richard Segla,male,0.89,55,adult,SN,Senegal,0.27,2026-04-27T06:48:18Z
019dcdb2-22ba-70f7-801f-2318c8cd500e,Jason Phillips,male,0.91,30,adult,CN,China,0.72,2026-04-27T06:48:18Z
019dcdb2-22ba-7edc-800e-fe3e98ce22b9,Halima Omar,female,0.83,25,adult,RW,Rwanda,0.53,2026-04-27T06:48:18Z
019dcdb2-22ba-7518-8007-6444c7564d8f,Bintou Segla,female,0.83,69,senior,NG,Nigeria,0.62,2026-04-27T06:48:18Z
019dcdb2-22ba-78dd-8011-258a0ffa2eb1,François Bongo,male,0.77,19,teenager,CF,Central African Republic,0.92,2026-04-27T06:48:18Z
019dcdb2-22ba-7cd0-800b-507347af34fe,Aster Ndlovu,female,0.82,13,teenager,MU,Mauritius,0.44,2026-04-27T06:48:18Z
019dcdb2-22ba-7c3a-801f-df55d9f5c43e,Njoroge Nkosi,male,0.7,81,senior,TZ,Tanzania,0.89,2026-04-27T06:48:18Z
019dcdb2-22ba-7fad-8018-df7eb0bbcebb,Yaa Compaoré,female,0.85,32,adult,MR,Mauritania,0.15,2026-04-27T06:48:18Z
019dcdb2-22ba-780c-800a-7100456e5bfa,Youssef Amrani,male,0.76,52,adult,DZ,Algeria,0.75,2026-04-27T06:48:18Z
019dcdb2-22ba-7173-8004-a52894adda3f,Gloire Obiang,female,0.65,37,adult,CD,DR Congo,0.23,2026-04-27T06:48:18Z
019dcdb2-22ba-7985-801e-834a925a7dfe,Jeanne Nkoghe,female,0.97,10,child,CD,DR Congo,0.85,2026-04-27T06:48:18Z
019dcdb2-22ba-77ee-8017-f6374d578a6c,Adhiambo Waweru,female,0.71,85,senior,MG,Madagascar,0.82,2026-04-27T06:48:18Z
019dcdb2-22ba-7619-800d-905aeca43b56,Joy Sow,female,0.81,17,teenager,ML,Mali,0.2,2026-04-27T06:48:18Z
019dcdb2-22ba-7a88-8011-b54c9269b123,Estelle Asante,female,0.89,31,adult,NG,Nigeria,0.5,2026-04-27T06:48:18Z
019dcdb2-22ba-74b0-8017-06e31fa4317b,Thomas White,male,0.69,20,adult,IN,India,0.73,2026-04-27T06:48:18Z
019dcdb2-22ba-7d29-8010-4dfa7a3edf83,Ashley Roberts,female,0.9,32,adult,GB,United Kingdom,0.67,2026-04-27T06:48:18Z
019dcdb2-22ba-7eba-8001-ee5b19aa03ae,Efua Agbodji,female,0.99,18,teenager,CI,Côte d'Ivoire,0.2,2026-04-27T06:48:18Z
019dcdb2-22ba-7fc0-8012-9325d9feef6e,Otieno Mnguni,male,0.78,29,adult,KE,Kenya,0.63,2026-04-27T06:48:18Z
019dcdb2-22ba-71d6-8016-55f8ced734aa,Tafadzwa Khumalo,male,0.74,45,adult,ZW,Zimbabwe,0.16,2026-04-27T06:48:18Z
019dcdb2-22ba-7696-8015-584ddc4080b7,Wangari Adhiambo,female,0.75,35,adult,ET,Ethiopia,0.55,2026-04-27T06:48:18Z
019dcdb2-22ba-71a6-8018-410d9cab3477,André Nguema,male,0.74,28,adult,CG,Republic of the Congo,0.26,2026-04-27T06:48:18Z
019dcdb2-22ba-7ffd-800d-ce3414e6d4b0,Nokwanda Sibanda,female,0.71,19,teenager,ZA,South Africa,0.5,2026-04-27T06:48:18Z
019dcdb2-22ba-72ac-8000-6b4111f8c041,Laila Rachidi,female,0.94,30,adult,MA,Morocco,0.1,2026-04-27T06:48:18Z
019dcdb2-22ba-706e-8006-bf1f0c10729a,Zanele Getachew,female,0.91,29,adult,RW,Rwanda,0.34,2026-04-27T06:48:18Z
019dcdb2-22ba-7356-8005-e5a30bef8b1c,Honorine Sow,female,0.74,78,senior,NG,Nigeria,0.47,2026-04-27T06:48:18Z
019dcdb2-22ba-7a7b-8001-56ca6088148f,Maryam Kamau,female,0.74,81,senior,KE,Kenya,0.92,2026-04-27T06:48:18Z
019dcdb2-22ba-7b69-801c-74a997eeceea,Nompumelelo Masondo,female,0.97,32,adult,KE,Kenya,0.77,2026-04-27T06:48:18Z
019dcdb2-22ba-7ffa-8001-40eac5850d7b,Simba Mpofu,male,0.89,57,adult,BW,Botswana,0.78,2026-04-27T06:48:18Z
019dcdb2-22ba-7644-8000-63eedb524438,Clarisse Tchalla,female,0.66,26,adult,SN,Senegal,0.1,2026-04-27T06:48:18Z
019dcdb2-22ba-7c0b-8006-38c57c87b76a,Grâce Afolabi,female,0.71,48,adult,GH,Ghana,0.41,2026-04-27T06:48:18Z
019dcdb2-22ba-7f25-801f-6c80ce31d31e,Tigist Awino,female,0.96,48,adult,TZ,Tanzania,0.8,2026-04-27T06:48:18Z
019dcdb2-22ba-706e-8017-e4ad90a82689,Ibrahima Olawale,male,0.71,53,adult,NG,Nigeria,0.48,2026-04-27T06:48:18Z
019dcdb2-22ba-7c78-801e-433862a940bf,Louis Bomboko,male,0.67,44,adult,CM,Cameroon,0.83,2026-04-27T06:48:18Z
019dcdb2-22ba-7f05-8002-9c2585a73deb,Sipho Haile,male,0.9,54,adult,MG,Madagascar,0.72,2026-04-27T06:48:18Z
019dcdb2-22ba-76c5-8005-1d001417bb76,Simba Moyo,male,0.89,84,senior,ZA,South Africa,0.63,2026-04-27T06:48:18Z
019dcdb2-22ba-7b33-8007-e63c693997ef,Kunle Nwosu,male,0.94,52,adult,GH,Ghana,0.21,2026-04-27T06:48:18Z
019dcdb2-22ba-7cf7-8019-5805ce9e41f4,Moussa Sawadogo,male,0.71,16,teenager,BJ,Benin,0.57,2026-04-27T06:48:18Z
019dcdb2-22ba-78ea-8002-28ce954be6f6,Timothy White,male,0.74,24,adult,FR,France,0.61,2026-04-27T06:48:18Z
019dcdb2-22ba-7602-8012-b555b930008b,Kunle Segla,male,0.97,7,child,MR,Mauritania,0.5,2026-04-27T06:48:18Z
019dcdb2-22ba-78f9-8012-c600a30e023f,Ekow Barro,male,0.78,27,adult,SN,Senegal,0.75,2026-04-27T06:48:18Z
019dcdb2-22ba-747a-8014-3a431c111066,Stephanie Adams,female,0.75,34,adult,FR,France,0.47,2026-04-27T06:48:18Z
019dcdb2-22ba-7d6a-8018-a9d7a97c7004,Dina Tazi,female,0.71,18,teenager,EG,Egypt,0.22,2026-04-27T06:48:18Z
019dcdb2-22ba-7bff-8017-42d6f0298fb8,Steven Anderson,male,0.88,37,adult,JP,Japan,0.22,2026-04-27T06:48:18Z
019dcdb2-22ba-71b2-801b-0d4f5e550bf4,Rim Khatib,female,0.98,63,senior,DZ,Algeria,0.29,2026-04-27T06:48:18Z
019dcdb2-22ba-7385-8015-d4dc53a56e62,Jacques Mukendi,male,0.77,79,senior,CM,Cameroon,0.54,2026-04-27T06:48:18Z
019dcdb2-22ba-7d97-800c-7816853911e2,Zineb Tahir,female,0.93,25,adult,EG,Egypt,0.42,2026-04-27T06:48:18Z
019dcdb2-22ba-77c0-800c-09d69fe03b27,Hajar Khatib,female,0.7,18,teenager,SD,Sudan,0.71,2026-04-27T06:48:18Z
019dcdb2-22ba-7d28-8012-5e86880a721d,Alexis Camara,male,0.93,20,adult,NG,Nigeria,0.12,2026-04-27T06:48:18Z
019dcdb2-22ba-7eef-8019-b13bec1c292d,Wangari Farah,female,0.73,36,adult,KE,Kenya,0.8,2026-04-27T06:48:18Z
019dcdb2-22ba-7847-8007-d19f5de1b198,Chipo Shabalala,female,0.77,37,adult,ZM,Zambia,0.27,2026-04-27T06:48:18Z
019dcdb2-22ba-7111-8011-186369d5e74d,Thabo Ndlovu,male,0.88,25,adult,UG,Uganda,0.91,2026-04-27T06:48:18Z
019dcdb2-22ba-7c10-8017-a97d7d214a2f,Abena Adjei,female,0.76,24,adult,BJ,Benin,0.72,2026-04-27T06:48:18Z
019dcdb2-22ba-7a73-800d-6786dc4d6e63,Parfait Obiang,male,0.94,29,adult,CM,Cameroon,0.68,2026-04-27T06:48:18Z
019dcdb2-22ba-795b-8011-0f9f1da0caf8,Linda Anderson,female,0.94,35,adult,CA,Canada,0.76,2026-04-27T06:48:18Z
019dcdb2-22ba-7aa1-8002-e10a8d571bb9,Hiwot Ouma,female,0.88,77,senior,ET,Ethiopia,0.33,2026-04-27T06:48:18Z
019dcdb2-22ba-7a6b-8009-53307ed5da58,Girma Ahmed,male,0.96,6,child,ET,Ethiopia,0.12,2026-04-27T06:48:18Z
019dcdb2-245f-740d-8017-ddfeaa81a448,Susan White,female,0.78,46,adult,DE,Germany,0.77,2026-04-27T06:48:18Z
019dcdb2-22ba-7c5b-800b-f4c5343fc9e5,Salma Benali,female,0.79,58,adult,SD,Sudan,0.32,2026-04-27T06:48:18Z
019dcdb2-22ba-7bfc-800a-5b9d6caaa4a5,Ouma Abebe,male,0.96,19,teenager,MZ,Mozambique,0.19,2026-04-27T06:48:18Z
019dcdb2-22bb-71c0-800d-ab8048e10769,Yasmine Filali,female,0.73,9,child,MA,Morocco,0.42,2026-04-27T06:48:18Z
019dcdb2-22bb-7619-8004-10628b118390,Fiifi Boateng,male,0.68,44,adult,ML,Mali,0.28,2026-04-27T06:48:18Z
019dcdb2-22bb-7466-8008-9a8ac88eefdc,Esi Nwosu,female,0.93,87,senior,NG,Nigeria,0.22,2026-04-27T06:48:18Z
019dcdb2-22bb-7da2-800a-0c8e73a358c9,Adjoua Owusu,female,0.95,35,adult,CI,Côte d'Ivoire,0.39,2026-04-27T06:48:18Z
019dcdb2-22bb-7656-8009-03c75f44e508,Grâce Sidibé,female,0.95,43,adult,SN,Senegal,0.94,2026-04-27T06:48:18Z
019dcdb2-22bb-7848-800f-9342ec029a27,Amina Ouma,female,0.82,69,senior,KE,Kenya,0.43,2026-04-27T06:48:18Z
019dcdb2-22bb-77e8-8016-182fecb2f283,Ndéye Konaté,female,0.8,52,adult,NG,Nigeria,0.34,2026-04-27T06:48:18Z
019dcdb2-22bb-79c7-8017-564ca5bed8ba,Astou Tapsoba,female,0.9,34,adult,LR,Liberia,0.78,2026-04-27T06:48:18Z
019dcdb2-22bb-7c66-8007-48fcd1a3bc0c,Kofi Compaoré,male,0.8,39,adult,GW,Guinea-Bissau,0.88,2026-04-27T06:48:18Z
019dcdb2-22bb-731c-8013-5cfa245c4a7b,Nokwanda Mwangi,female,0.7,36,adult,TZ,Tanzania,0.15,2026-04-27T06:48:18Z
019dcdb2-22bb-7383-801e-ee82157484fb,Zanele Mpofu,female,0.91,33,adult,SZ,Eswatini,0.59,2026-04-27T06:48:18Z
019dcdb2-22bb-7754-8018-c32b910e7f95,Wanjiru Haile,female,0.91,6,child,MZ,Mozambique,0.83,2026-04-27T06:48:18Z
019dcdb2-22bb-7b5d-8014-94f0f5d7c73d,Zineb Khatib,female,0.98,29,adult,EG,Egypt,0.5,2026-04-27T06:48:18Z
019dcdb2-22bb-78f9-8004-31c102a39148,Getachew Dlamini,male,0.84,35,adult,ET,Ethiopia,0.11,2026-04-27T06:48:18Z
019dcdb2-22bb-7220-800c-14dc18ca8380,Fanta Osei,female,0.88,51,adult,SN,Senegal,0.42,2026-04-27T06:48:18Z
019dcdb2-22bb-7145-801e-248b778d3473,Cheikh Zongo,male,0.95,81,senior,NG,Nigeria,0.14,2026-04-27T06:48:18Z
019dcdb2-22bb-76b7-8010-3af606dc3776,Joseph Dao,male,0.91,88,senior,SN,Senegal,0.13,2026-04-27T06:48:18Z
019dcdb2-22bb-79fe-8002-eb4ec25f537d,Mekdes Tesfaye,female,0.78,11,child,MZ,Mozambique,0.86,2026-04-27T06:48:18Z
019dcdb2-22bb-7025-8013-8597624808a3,Providence Eyeghe,female,0.99,9,child,CF,Central African Republic,0.88,2026-04-27T06:48:18Z
019dcdb2-22bb-7813-8000-e83bc68a36e2,Nokwanda Getachew,female,0.69,21,adult,TZ,Tanzania,0.27,2026-04-27T06:48:18Z
019dcdb2-22bb-78b0-8005-0f09290c2fd7,Kevin Johnson,male,0.84,28,adult,US,United States,0.8,2026-04-27T06:48:18Z
019dcdb2-22bb-765f-8008-21c2c3237080,Clarisse Dao,female,0.75,40,adult,MR,Mauritania,0.2,2026-04-27T06:48:18Z
019dcdb2-22bb-7dce-800d-78aabd8cb031,Chisom Tchalla,female,0.69,57,adult,SL,Sierra Leone,0.73,2026-04-27T06:48:18Z
019dcdb2-245f-75bb-800f-07ffd21143a2,Ndéye Eze,female,0.72,32,adult,ML,Mali,0.25,2026-04-27T06:48:18Z
019dcdb2-245f-713d-801d-88ac21e9c481,Nokwanda Waweru,female,0.72,22,adult,UG,Uganda,0.63,2026-04-27T06:48:18Z
019dcdb2-245f-7cb0-8002-41ba4d54fd23,Patricia Wilson,female,0.9,55,adult,US,United States,0.74,2026-04-27T06:48:18Z
019dcdb2-245f-7031-800f-b6c4db2b9261,Amara Desta,male,0.69,36,adult,RW,Rwanda,0.59,2026-04-27T06:48:18Z
019dcdb2-245f-7275-8018-c63aa7360a0a,Calixte Kaboré,male,0.71,39,adult,ML,Mali,0.87,2026-04-27T06:48:18Z
019dcdb2-245f-7f62-801b-971bfb2e82bb,Louis Ping,male,0.93,33,adult,CD,DR Congo,0.26,2026-04-27T06:48:18Z
019dcdb2-245f-7dcb-8011-2e2da24226ca,Théophile Mobutu,male,0.7,32,adult,CF,Central African Republic,0.23,2026-04-27T06:48:18Z
019dcdb2-245f-739c-8009-cb257fbb9f17,Ebo Chukwu,male,0.76,66,senior,ML,Mali,0.18,2026-04-27T06:48:18Z
019dcdb2-245f-7c83-8003-947766ac52a2,Tigist Njoroge,female,0.94,34,adult,KM,Comoros,0.2,2026-04-27T06:48:18Z
019dcdb2-245f-7c6c-800a-07436295e73f,Haile Bekele,male,0.88,31,adult,MG,Madagascar,0.82,2026-04-27T06:48:18Z
019dcdb2-245f-75ab-800f-9d4b1d8455c1,Bintou Osei,female,0.93,25,adult,CI,Côte d'Ivoire,0.74,2026-04-27T06:48:18Z
019dcdb2-245f-72ac-8008-73ae856fa3f0,Tebogo Mpofu,male,0.83,65,senior,AO,Angola,0.11,2026-04-27T06:48:18Z
019dcdb2-245f-7b9e-801a-f4314b7466b0,Clarisse Coulibaly,female,0.73,66,senior,SN,Senegal,0.72,2026-04-27T06:48:18Z
019dcdb2-245f-7655-800e-e6f67173b127,Mazvita Mthembu,female,0.8,22,adult,BW,Botswana,0.61,2026-04-27T06:48:18Z
019dcdb2-245f-7a18-8005-71edff4bbd9a,Claire Nguema,female,0.8,54,adult,GA,Gabon,0.41,2026-04-27T06:48:18Z
019dcdb2-245f-7182-8018-b0433d8ab9b7,Otieno Ahmed,male,0.69,54,adult,TZ,Tanzania,0.52,2026-04-27T06:48:18Z
019dcdb2-245f-70f8-8000-37b832ed03b5,Njeri Dlamini,female,0.67,34,adult,UG,Uganda,0.2,2026-04-27T06:48:18Z
019dcdb2-245f-7249-8003-22b1cf0cf647,Adjoua Gbessi,female,0.65,26,adult,GH,Ghana,0.77,2026-04-27T06:48:18Z
019dcdb2-245f-70ce-8006-c274c8fba527,Kimani Mthembu,male,0.87,68,senior,MG,Madagascar,0.25,2026-04-27T06:48:18Z
019dcdb2-245f-7417-8001-e69d5e160b78,Kariuki Haile,male,0.98,23,adult,SC,Seychelles,0.59,2026-04-27T06:48:18Z
019dcdb2-245f-7646-8010-249bba997eb1,Thandeka Ncube,female,0.85,17,teenager,SZ,Eswatini,0.69,2026-04-27T06:48:18Z
019dcdb2-245f-7689-8019-b10e49035016,Thandeka Nkomo,female,0.8,17,teenager,ZA,South Africa,0.82,2026-04-27T06:48:18Z
019dcdb2-245f-7d50-8009-a76b556f181c,Betty Wright,female,0.81,19,teenager,BR,Brazil,0.84,2026-04-27T06:48:18Z
019dcdb2-245f-7e90-8016-c142c48faa12,Kariuki Omar,male,0.93,62,senior,MW,Malawi,0.68,2026-04-27T06:48:18Z
019dcdb2-245f-7a8f-8010-aa5e23fa001c,Tsitsi Mnguni,female,0.78,14,teenager,ZA,South Africa,0.72,2026-04-27T06:48:18Z
019dcdb2-245f-76a9-8007-8f5fb4ed15f1,Mpho Achieng,male,0.92,76,senior,SS,South Sudan,0.53,2026-04-27T06:48:18Z
019dcdb2-245f-770b-8004-c6dddabcf6cf,John Thompson,male,0.76,55,adult,IN,India,0.82,2026-04-27T06:48:18Z
019dcdb2-245f-7751-800c-42850c4e88dd,Wairimu Getachew,female,0.95,84,senior,RW,Rwanda,0.15,2026-04-27T06:48:18Z
019dcdb2-245f-74c9-8012-4b826f350b3d,Sadiya Haile,female,0.92,23,adult,MG,Madagascar,0.25,2026-04-27T06:48:18Z
019dcdb2-245f-713f-8013-e0e387aa7402,Araba Kaboré,female,0.88,29,adult,CI,Côte d'Ivoire,0.87,2026-04-27T06:48:18Z
019dcdb2-245f-77e1-800e-c77125c7739d,Tendai Bekele,male,0.83,47,adult,MG,Madagascar,0.84,2026-04-27T06:48:18Z
019dcdb2-245f-7ac4-8009-7db324668f14,Khaled Alaoui,male,0.94,80,senior,DZ,Algeria,0.19,2026-04-27T06:48:18Z
019dcdb2-245f-774e-800a-868a5acc3f52,Sharon White,female,0.68,40,adult,FR,France,0.94,2026-04-27T06:48:18Z
019dcdb2-245f-7916-801f-2d6b35bd2772,Auxilia Nxumalo,female,0.95,27,adult,AO,Angola,0.59,2026-04-27T06:48:18Z
019dcdb2-245f-798b-8001-369a1a197113,Fanta Sow,female,0.81,17,teenager,ML,Mali,0.32,2026-04-27T06:48:18Z
019dcdb2-245f-7acf-8002-01682d2f58eb,Njeri Nxumalo,female,0.93,22,adult,DJ,Djibouti,0.37,2026-04-27T06:48:18Z
019dcdb2-245f-76a0-8000-9a6bdfb21dca,Ahmed Rachidi,male,0.86,84,senior,EG,Egypt,0.54,2026-04-27T06:48:18Z
019dcdb2-245f-7707-8008-82204c103824,Nabil Bouazza,male,0.96,57,adult,SD,Sudan,0.41,2026-04-27T06:48:18Z
019dcdb2-245f-7c49-801d-af6c5b73c14b,Rebecca Mitchell,female,0.71,15,teenager,US,United States,0.6,2026-04-27T06:48:18Z
019dcdb2-245f-7694-8003-48b2e79dc358,Jessica Carter,female,0.9,71,senior,CN,China,0.56,2026-04-27T06:48:18Z
019dcdb2-245f-7b0c-8010-f774cb4c8a61,Zodwa Nxumalo,female,0.82,87,senior,ET,Ethiopia,0.2,2026-04-27T06:48:18Z
019dcdb2-245f-796f-8002-28b5800079e6,Arsène Mensah,male,0.87,81,senior,BJ,Benin,0.79,2026-04-27T06:48:18Z
019dcdb2-245f-70f6-801a-941072a0d2e4,Tendai Mohamed,male,0.76,55,adult,KE,Kenya,0.87,2026-04-27T06:48:18Z
019dcdb2-245f-71fd-801b-7f9284213660,Kimberly Davis,female,0.69,31,adult,DE,Germany,0.67,2026-04-27T06:48:18Z
019dcdb2-245f-752b-8010-b0c5c32e0966,Auxilia Ndlovu,female,0.72,34,adult,AO,Angola,0.32,2026-04-27T06:48:18Z
019dcdb2-245f-7007-800e-349bfd1799a7,John White,male,0.82,17,teenager,GB,United Kingdom,0.94,2026-04-27T06:48:18Z
019dcdb2-245f-7ddf-8007-2d84a5b3711e,Lindiwe Elmi,female,0.81,90,senior,KE,Kenya,0.48,2026-04-27T06:48:18Z
019dcdb2-245f-7870-8012-c8028a084e2a,Emily Jackson,female,0.75,28,adult,FR,France,0.39,2026-04-27T06:48:18Z
019dcdb2-245f-7f84-8015-b468f0ed2e4b,Kathleen Turner,female,0.77,47,adult,AU,Australia,0.38,2026-04-27T06:48:18Z
019dcdb2-245f-79a8-800e-918dd0ef6947,Mumbi Tadesse,female,0.75,24,adult,ET,Ethiopia,0.62,2026-04-27T06:48:18Z
019dcdb2-245f-764f-8012-380c206c012b,Favour Traoré,female,0.67,88,senior,GW,Guinea-Bissau,0.22,2026-04-27T06:48:18Z
019dcdb2-245f-7ff2-8019-f2b4685e80c6,Grâce Bomboko,female,0.78,33,adult,CD,DR Congo,0.23,2026-04-27T06:48:18Z
019dcdb2-245f-7482-8004-28e829b84ece,Matthew Smith,male,0.72,28,adult,GB,United Kingdom,0.39,2026-04-27T06:48:18Z
019dcdb2-245f-75f2-801c-ba79e6ef664c,Kathleen Evans,female,0.81,41,adult,US,United States,0.27,2026-04-27T06:48:18Z
019dcdb2-245f-790f-8007-68f2d3e48e6b,Stephanie Roberts,female,0.68,48,adult,DE,Germany,0.42,2026-04-27T06:48:18Z
019dcdb2-245f-706a-8014-b0c82219784a,Gloire Mukendi,female,0.74,23,adult,CD,DR Congo,0.78,2026-04-27T06:48:18Z
019dcdb2-245f-7d9e-8018-4959ef8da7a3,Aster Farah,female,0.95,52,adult,MW,Malawi,0.75,2026-04-27T06:48:18Z
019dcdb2-245f-726d-801d-1d5a031e07d6,Nadia Benali,female,0.86,51,adult,DZ,Algeria,0.42,2026-04-27T06:48:18Z
019dcdb2-245f-7e28-801c-2023fadef123,Fanta Gbessi,female,0.77,82,senior,NG,Nigeria,0.73,2026-04-27T06:48:18Z
019dcdb2-245f-7eb4-8018-8cf9f38cbda1,Jessica Jones,female,0.93,25,adult,JP,Japan,0.57,2026-04-27T06:48:18Z
019dcdb2-245f-717d-8019-bd3b0797e002,Sipho Farah,male,0.96,34,adult,DJ,Djibouti,0.19,2026-04-27T06:48:18Z
019dcdb2-245f-761f-801c-b7e9d26a8b71,Bongani Ouma,male,0.93,17,teenager,MU,Mauritius,0.24,2026-04-27T06:48:18Z
019dcdb2-2460-7f48-801a-3ede70367255,Femi Boateng,male,0.95,27,adult,NG,Nigeria,0.59,2026-04-27T06:48:18Z
019dcdb2-2460-7281-800e-cef3e3e77f9d,Ouma Khumalo,male,0.89,49,adult,SS,South Sudan,0.61,2026-04-27T06:48:18Z
019dcdb2-2460-7c58-800f-5ae6324de71d,Kagiso Farah,male,0.96,13,teenager,SS,South Sudan,0.6,2026-04-27T06:48:18Z
019dcdb2-2460-7ff2-8002-acbda422c4bd,Girma Awino,male,0.97,27,adult,TZ,Tanzania,0.68,2026-04-27T06:48:18Z
019dcdb2-2460-79b9-800c-3b65fbc76555,George Allen,male,0.92,36,adult,JP,Japan,0.38,2026-04-27T06:48:18Z
019dcdb2-2460-7a10-8012-8ea7d52dc061,Karen Garcia,female,0.8,6,child,GB,United Kingdom,0.4,2026-04-27T06:48:18Z
019dcdb2-2460-7990-800a-7a5117ac94f5,Rodrigue Lokossou,male,0.86,44,adult,NE,Niger,0.93,2026-04-27T06:48:18Z
019dcdb2-2460-753b-801c-d949b9a8d697,Hicham Khatib,male,0.84,31,adult,EG,Egypt,0.43,2026-04-27T06:48:18Z
019dcdb2-2460-76eb-801b-809fd51e58bc,Femi Adeyemi,male,0.83,78,senior,GH,Ghana,0.84,2026-04-27T06:48:18Z
019dcdb2-2460-7c31-801d-58a7bd77b086,Ali Tadesse,male,0.84,21,adult,TZ,Tanzania,0.21,2026-04-27T06:48:18Z
019dcdb2-2460-7b7d-8010-44d9b7c0b5f4,Kevin Parker,male,0.95,18,teenager,CN,China,0.19,2026-04-27T06:48:18Z
019dcdb2-2460-7767-8014-7ac4d5dd2ff5,Malak Kettani,female,0.9,9,child,EG,Egypt,0.48,2026-04-27T06:48:18Z
019dcdb2-2460-750a-8000-71263c3d3b7a,Gary Torres,male,0.66,10,child,US,United States,0.5,2026-04-27T06:48:18Z
019dcdb2-2460-7a06-8017-fd678703acf8,Jama Hassan,male,0.79,15,teenager,RW,Rwanda,0.77,2026-04-27T06:48:18Z
019dcdb2-2460-72ba-8000-b0dd24713bd5,Arsène Okonkwo,male,0.78,81,senior,NG,Nigeria,0.63,2026-04-27T06:48:18Z
019dcdb2-2460-7bd8-800a-4433ba8fcbfb,Sadiya Abdi,female,0.93,34,adult,UG,Uganda,0.18,2026-04-27T06:48:18Z
019dcdb2-2460-787d-8019-25a1473ba2fe,Bongani Girma,male,0.81,16,teenager,KE,Kenya,0.81,2026-04-27T06:48:18Z
019dcdb2-2460-7a9e-801b-475ceebbb62f,Segun Nikiéma,male,0.87,43,adult,GW,Guinea-Bissau,0.83,2026-04-27T06:48:18Z
019dcdb2-2460-770b-8013-0c78cca63b9c,Bintou Touré,female,0.87,35,adult,TG,Togo,0.43,2026-04-27T06:48:18Z
019dcdb2-2460-78d0-8005-d8710eed0f8f,Melissa Garcia,female,0.96,23,adult,IN,India,0.54,2026-04-27T06:48:18Z
019dcdb2-2460-7495-800f-2d2e87bd298f,Ifeoma Keïta,female,0.66,71,senior,NG,Nigeria,0.46,2026-04-27T06:48:18Z
019dcdb2-2460-7441-801a-31b53b3fcfe8,Maryam Haile,female,0.97,71,senior,TZ,Tanzania,0.41,2026-04-27T06:48:18Z
019dcdb2-2460-766a-8009-cf7ffe518491,Edward Jones,male,0.99,46,adult,FR,France,0.73,2026-04-27T06:48:18Z
019dcdb2-2460-7835-8014-fd305ab3f6af,Carol Allen,female,0.79,70,senior,DE,Germany,0.67,2026-04-27T06:48:18Z
019dcdb2-2460-7265-8014-7786c881818f,Susan Brown,female,0.77,41,adult,GB,United Kingdom,0.94,2026-04-27T06:48:18Z
019dcdb2-2460-7caf-8017-45a973f1d91f,Hafsat Bekele,female,0.74,82,senior,KE,Kenya,0.93,2026-04-27T06:48:18Z
019dcdb2-2460-7a1f-8002-149cc2dd14f9,Waweru Jama,male,0.88,58,adult,MU,Mauritius,0.47,2026-04-27T06:48:18Z
019dcdb2-2460-71c8-8005-b256c86c2945,Jason Evans,male,0.67,43,adult,JP,Japan,0.15,2026-04-27T06:48:18Z
019dcdb2-2460-7055-8018-3381fa5526e6,Selamawit Nkosi,female,0.91,18,teenager,SO,Somalia,0.4,2026-04-27T06:48:18Z
019dcdb2-2460-7d40-8014-16bfed4e0a99,Ouma Girma,male,0.95,71,senior,SO,Somalia,0.28,2026-04-27T06:48:18Z
019dcdb2-2460-7f4c-800d-68d80fcf2484,Wanja Masondo,female,0.7,30,adult,KE,Kenya,0.54,2026-04-27T06:48:18Z
019dcdb2-2460-7c58-8009-dc76f80ff614,Yeshi Nkosi,female,0.76,39,adult,SS,South Sudan,0.76,2026-04-27T06:48:18Z
019dcdb2-2460-7d69-801d-f88edde1ebdf,Aya Bennani,female,0.75,30,adult,TN,Tunisia,0.21,2026-04-27T06:48:18Z
019dcdb2-2460-7640-800c-01f03af3111d,Hafsat Cele,female,0.65,11,child,UG,Uganda,0.42,2026-04-27T06:48:18Z
019dcdb2-2460-7839-8005-4724326beca7,Hauwa Waweru,female,0.79,43,adult,KE,Kenya,0.61,2026-04-27T06:48:18Z
019dcdb2-2460-723e-800d-582818c4a8a7,Bintou Darko,female,0.86,31,adult,BJ,Benin,0.21,2026-04-27T06:48:18Z
019dcdb2-2460-7a8b-8016-ceafdd1cbc30,Kola Eze,male,0.74,18,teenager,GH,Ghana,0.4,2026-04-27T06:48:18Z
019dcdb2-25e4-71b5-8001-f61c28a704cc,Nomsa Desta,female,0.85,39,adult,MG,Madagascar,0.76,2026-04-27T06:48:19Z
019dcdb2-25e4-71e7-801f-27d43a3d9f17,Hervé Segla,male,0.95,19,teenager,NE,Niger,0.33,2026-04-27T06:48:19Z
019dcdb2-25e4-74fa-8016-e04cc0634074,Njoroge Abebe,male,0.89,83,senior,ET,Ethiopia,0.37,2026-04-27T06:48:19Z
019dcdb2-25e4-7baa-8005-8121c868358e,Nomsa Shabalala,female,0.86,11,child,LS,Lesotho,0.55,2026-04-27T06:48:19Z
019dcdb2-25e4-7d3c-8003-7658f91d5934,Zakaria Khalil,male,0.98,60,senior,TN,Tunisia,0.44,2026-04-27T06:48:19Z
019dcdb2-25e4-7b58-8004-34a323e1dd43,Rudo Ncube,female,0.74,50,adult,ZA,South Africa,0.85,2026-04-27T06:48:19Z
019dcdb2-25e4-77b6-8007-2ee858e89fdb,Nabil El Fassi,male,0.69,25,adult,TN,Tunisia,0.21,2026-04-27T06:48:19Z
019dcdb2-25e4-74db-8016-ec35b0eae2c9,Bongani Dube,male,0.95,62,senior,ZA,South Africa,0.2,2026-04-27T06:48:19Z
019dcdb2-25e4-7a9d-8000-2afc87fabd19,Ifeoma Agbodji,female,0.84,54,adult,NG,Nigeria,0.31,2026-04-27T06:48:19Z
019dcdb2-25e4-70eb-8016-87f5aef7a3fc,Kadiatou Traoré,female,0.89,31,adult,NG,Nigeria,0.27,2026-04-27T06:48:19Z
019dcdb2-25e4-7bd4-8018-0822f24d589e,Oumou Hounsou,female,0.77,75,senior,CI,Côte d'Ivoire,0.53,2026-04-27T06:48:19Z
019dcdb2-25e4-7119-8003-9931b34a2808,Rumbidzai Mhlanga,female,0.76,72,senior,ZA,South Africa,0.46,2026-04-27T06:48:19Z
019dcdb2-25e4-7ddc-8014-0dbbd85dd80f,Honorine Kponton,female,0.78,8,child,CI,Côte d'Ivoire,0.2,2026-04-27T06:48:19Z
019dcdb2-25e4-7c9e-800b-951f8d4ce44e,Emily Wilson,female,0.89,72,senior,IN,India,0.65,2026-04-27T06:48:19Z
019dcdb2-25e4-737d-800d-5b088064ba20,Ali Abdi,male,0.97,78,senior,MZ,Mozambique,0.74,2026-04-27T06:48:19Z
019dcdb2-25e4-7fde-801a-001d51c8cb97,Nadia Amrani,female,0.73,11,child,EG,Egypt,0.11,2026-04-27T06:48:19Z
019dcdb2-25e4-7bce-8010-06e77b30f987,Sizwe Mhlanga,male,0.93,20,adult,ZW,Zimbabwe,0.65,2026-04-27T06:48:19Z
019dcdb2-25e4-79ee-800e-4e00db2fc3c0,Matthew Torres,male,0.73,7,child,CA,Canada,0.45,2026-04-27T06:48:19Z
019dcdb2-25e4-7a8f-800c-229a6ee64491,Sarah Wright,female,0.9,67,senior,US,United States,0.79,2026-04-27T06:48:19Z
019dcdb2-25e4-796c-8005-69d13724d5ed,Daniel Jackson,male,0.72,8,child,US,United States,0.33,2026-04-27T06:48:19Z
019dcdb2-25e4-7c88-8001-653cd3a608ac,Siham Kettani,female,0.66,90,senior,EG,Egypt,0.29,2026-04-27T06:48:19Z
019dcdb2-25e4-71df-8014-05cd2dbf3447,Nyambura Desta,female,0.83,57,adult,UG,Uganda,0.73,2026-04-27T06:48:19Z
019dcdb2-25e4-7a88-801f-a8a1fd7864b4,Haile Warsame,male,0.92,53,adult,UG,Uganda,0.9,2026-04-27T06:48:19Z
019dcdb2-25e4-7699-8016-b7a148577f6d,Auxilia Shabalala,female,0.92,73,senior,BW,Botswana,0.53,2026-04-27T06:48:19Z
019dcdb2-25e4-775b-8007-29bdfe53fbbe,Emeka Olawale,male,0.99,22,adult,GH,Ghana,0.31,2026-04-27T06:48:19Z
019dcdb2-25e4-7d96-801c-bff60171b5bd,Rakiya Ouma,female,0.75,56,adult,MZ,Mozambique,0.43,2026-04-27T06:48:19Z
019dcdb2-25e4-79a1-800b-a7e048b97db1,Providence Obiang,female,0.94,84,senior,CD,DR Congo,0.27,2026-04-27T06:48:19Z
019dcdb2-25e4-79c7-8001-789472a01177,Thomas Jackson,male,0.94,36,adult,AU,Australia,0.6,2026-04-27T06:48:19Z
019dcdb2-25e4-7e27-8002-b98bbf201585,Amanda Nguyen,female,0.74,28,adult,FR,France,0.68,2026-04-27T06:48:19Z
019dcdb2-25e4-7f8b-8004-8584f2496db2,Rakiya Alemu,female,0.87,40,adult,RW,Rwanda,0.52,2026-04-27T06:48:19Z
019dcdb2-25e4-7781-8000-401d978d9617,Zodwa Dlamini,female,0.66,43,adult,ZM,Zambia,0.16,2026-04-27T06:48:19Z
019dcdb2-25e4-7a7a-800f-3529f7018a0f,Michael Thomas,male,0.71,47,adult,AU,Australia,0.91,2026-04-27T06:48:19Z
019dcdb2-25e4-7e57-8000-d6dc26a7eab4,Maame Zinsou,female,0.68,59,adult,BJ,Benin,0.84,2026-04-27T06:48:19Z
019dcdb2-25e4-75cf-8005-6cc71c34f758,Claire Mukendi,female,0.89,77,senior,CM,Cameroon,0.39,2026-04-27T06:48:19Z
019dcdb2-25e4-77a3-8013-5babf2fe1977,Bayo Hounsou,male,0.76,48,adult,BF,Burkina Faso,0.73,2026-04-27T06:48:19Z
019dcdb2-25e4-7841-8004-db7bce08ff1b,Aminata Bah,female,0.85,87,senior,EH,Western Sahara,0.3,2026-04-27T06:48:19Z
019dcdb2-25e4-7f36-8017-2c609b3353b7,Aminata Tchalla,female,0.75,11,child,NG,Nigeria,0.65,2026-04-27T06:48:19Z
019dcdb2-25e4-799b-801d-2940727acca5,Maryam Tesfaye,female,0.79,24,adult,KE,Kenya,0.64,2026-04-27T06:48:19Z
019dcdb2-25e4-7196-8015-b0055769c57a,Nandi Shabalala,female,0.84,54,adult,ZA,South Africa,0.78,2026-04-27T06:48:19Z
019dcdb2-25e4-7118-8000-0dadef194a21,Mulu Waweru,female,0.83,66,senior,RW,Rwanda,0.65,2026-04-27T06:48:19Z
019dcdb2-25e4-76b3-800c-642d42031583,Bongiwe Ndlovu,female,0.77,34,adult,AO,Angola,0.24,2026-04-27T06:48:19Z
019dcdb2-25e4-77e1-8002-a6f2820c509b,Chérie Mobutu,female,0.68,77,senior,CD,DR Congo,0.44,2026-04-27T06:48:19Z
019dcdb2-25e4-78f6-8011-016ac49272be,Célestin Nguema,male,0.93,30,adult,CD,DR Congo,0.33,2026-04-27T06:48:19Z
019dcdb2-25e4-753f-800f-c88a2893f4f4,Honorine Barro,female,0.94,90,senior,GW,Guinea-Bissau,0.53,2026-04-27T06:48:19Z
019dcdb2-25e4-7209-800b-c6cf0039cf0b,Tsitsi Mhlanga,female,0.73,22,adult,AO,Angola,0.81,2026-04-27T06:48:19Z
019dcdb2-25e4-7615-8008-298cdf87c7db,Adwoa Barro,female,0.85,50,adult,SN,Senegal,0.85,2026-04-27T06:48:19Z
019dcdb2-25e4-7c9c-8014-0d1e8a3c5fbf,Dina Tahir,female,0.87,13,teenager,SD,Sudan,0.89,2026-04-27T06:48:19Z
019dcdb2-25e4-70a5-8018-a83adbdcd8d3,Kadiatou Tapsoba,female,0.76,15,teenager,GW,Guinea-Bissau,0.41,2026-04-27T06:48:19Z
019dcdb2-25e4-7b54-801a-3131a86152cf,Walid Berrada,male,0.85,7,child,EG,Egypt,0.29,2026-04-27T06:48:19Z
019dcdb2-25e4-7784-8000-2cbaea29e5b4,Nompumelelo Tshuma,female,0.67,44,adult,ZM,Zambia,0.65,2026-04-27T06:48:19Z
019dcdb2-25e4-793e-8004-fdf6ed58e1a2,Maame Osei,female,0.87,53,adult,SN,Senegal,0.52,2026-04-27T06:48:19Z
019dcdb2-25e4-7790-8017-dc2c78000e16,Tariro Nxumalo,female,0.69,50,adult,ZW,Zimbabwe,0.49,2026-04-27T06:48:19Z
019dcdb2-25e4-739d-8000-8fc3d471e40f,Oumar Dossou,male,0.83,33,adult,NG,Nigeria,0.66,2026-04-27T06:48:19Z
019dcdb2-25e4-7c3e-8017-5d5f5f58ef93,Ouma Bekele,male,0.86,33,adult,ET,Ethiopia,0.16,2026-04-27T06:48:19Z
019dcdb2-25e4-7110-8001-13c868de8e25,Michael Okafor,male,0.89,66,senior,SN,Senegal,0.69,2026-04-27T06:48:19Z
019dcdb2-25e4-7e28-801c-56d6822f2566,Espérance Bomboko,female,0.93,68,senior,CD,DR Congo,0.52,2026-04-27T06:48:19Z
019dcdb2-25e4-7eca-8011-dc06603ab7fc,Cheikh Hounsou,male,0.94,28,adult,CI,Côte d'Ivoire,0.26,2026-04-27T06:48:19Z
019dcdb2-25e4-7e70-800e-36a4c610eb3d,Njoroge Adhiambo,male,0.89,50,adult,MZ,Mozambique,0.5,2026-04-27T06:48:19Z
019dcdb2-25e4-72cc-8000-ab129609be4f,Wangari Awino,female,0.76,50,adult,BI,Burundi,0.31,2026-04-27T06:48:19Z
019dcdb2-25e4-7421-8002-3de015a5dfd8,Kamau Ahmed,male,0.73,17,teenager,TZ,Tanzania,0.14,2026-04-27T06:48:19Z
019dcdb2-25e5-7f37-8007-7127f6467ec9,Rakiya Ndlovu,female,0.88,34,adult,UG,Uganda,0.24,2026-04-27T06:48:19Z
019dcdb2-25e5-7514-8009-fe10494d23ee,Grâce Ouédraogo,female,0.85,49,adult,NG,Nigeria,0.2,2026-04-27T06:48:19Z
019dcdb2-25e5-7a08-8006-71b1b73bf244,Dina Berrada,female,0.94,19,teenager,SD,Sudan,0.54,2026-04-27T06:48:19Z
019dcdb2-25e5-71f9-8011-e6d6e8c6b2fc,Rudo Mthembu,male,0.86,28,adult,ZA,South Africa,0.93,2026-04-27T06:48:19Z
019dcdb2-25e5-7ca1-8010-e1e3f086f432,Bintou Ouédraogo,female,0.74,32,adult,CI,Côte d'Ivoire,0.51,2026-04-27T06:48:19Z
019dcdb2-25e5-7956-801e-498b780b3fb7,Hyacinthe Mboumba,male,0.71,35,adult,CM,Cameroon,0.49,2026-04-27T06:48:19Z
019dcdb2-25e5-7e9f-800a-f5fe53f90b15,Serge Adomou,male,0.91,43,adult,SL,Sierra Leone,0.68,2026-04-27T06:48:19Z
019dcdb2-25e5-7f7e-8004-aef6614ab943,Jama Abdi,male,0.88,54,adult,ET,Ethiopia,0.76,2026-04-27T06:48:19Z
019dcdb2-25e5-74ca-8005-ec3bd1a9d011,Nana Zinsou,male,0.78,46,adult,ML,Mali,0.11,2026-04-27T06:48:19Z
019dcdb2-25e5-723d-8016-d391ae893eca,Adhiambo Adhiambo,female,0.74,87,senior,ET,Ethiopia,0.81,2026-04-27T06:48:19Z
019dcdb2-25e5-7691-800e-3451ab89ca81,Jeanne Lumumba,female,0.94,81,senior,GA,Gabon,0.54,2026-04-27T06:48:19Z
019dcdb2-25e5-755b-800d-de5652b9e1d2,Nancy Garcia,female,0.66,27,adult,CN,China,0.67,2026-04-27T06:48:19Z
019dcdb2-25e5-78dd-801d-0a1102dfa715,Amenan Tchalla,female,0.95,41,adult,EH,Western Sahara,0.27,2026-04-27T06:48:19Z
019dcdb2-25e5-79a3-800b-fd034b7c7e25,Simba Nxumalo,male,0.67,86,senior,ZW,Zimbabwe,0.65,2026-04-27T06:48:19Z
019dcdb2-25e5-7c10-800d-d966fc0c353e,Zodwa Tshuma,female,0.75,49,adult,ZA,South Africa,0.56,2026-04-27T06:48:19Z
019dcdb2-25e5-7cf7-800f-2202f6166380,Gloire Kabila,female,0.74,71,senior,TD,Chad,0.45,2026-04-27T06:48:19Z
019dcdb2-25e5-751c-8011-e05fa9f73851,Yeshi Nxumalo,female,0.66,8,child,TZ,Tanzania,0.85,2026-04-27T06:48:19Z
019dcdb2-25e5-7291-801f-a80cd6d629c3,Afia Camara,female,0.77,59,adult,GH,Ghana,0.66,2026-04-27T06:48:19Z
019dcdb2-25e5-7e8e-801f-7218bb8b647c,Nompumelelo Odhiambo,female,0.85,25,adult,RW,Rwanda,0.8,2026-04-27T06:48:19Z
019dcdb2-25e5-79bd-800d-4d17c288a9b5,Mwangi Masondo,male,0.82,21,adult,ET,Ethiopia,0.23,2026-04-27T06:48:19Z
019dcdb2-25e5-7d43-8001-25b1adc02783,Adjoua Dossou,female,0.66,18,teenager,GH,Ghana,0.21,2026-04-27T06:48:19Z
019dcdb2-25e5-7783-8012-a3eb391d3bd0,Haile Mohamed,male,0.84,41,adult,TZ,Tanzania,0.77,2026-04-27T06:48:19Z
019dcdb2-25e5-7d79-8015-1e1d3a922a3f,Bongani Cele,male,0.88,66,senior,KE,Kenya,0.15,2026-04-27T06:48:19Z
019dcdb2-25e5-759e-8011-a4b7df0e1a7d,Mumbi Bekele,female,0.77,57,adult,UG,Uganda,0.55,2026-04-27T06:48:19Z
019dcdb2-25e5-7c6f-8006-c9b8e7ff328c,Providence Bomboko,female,0.98,53,adult,CM,Cameroon,0.7,2026-04-27T06:48:19Z
019dcdb2-25e5-79ff-8001-a37de6d5a1e8,Dorothy Carter,female,0.81,53,adult,FR,France,0.72,2026-04-27T06:48:19Z
019dcdb2-25e5-7a1f-801a-a5ed5e8f619e,Bintou Agyei,female,0.86,83,senior,NG,Nigeria,0.19,2026-04-27T06:48:19Z
019dcdb2-25e5-741a-8016-300cc9423ca0,Kojo Zongo,male,0.71,80,senior,BJ,Benin,0.61,2026-04-27T06:48:19Z
019dcdb2-25e5-75f0-801c-582983127f96,Lisa Williams,female,0.72,48,adult,FR,France,0.6,2026-04-27T06:48:19Z
019dcdb2-25e5-7695-8009-bdfe31936c7c,Amina Ahmed,female,0.9,85,senior,ET,Ethiopia,0.52,2026-04-27T06:48:19Z
019dcdb2-25e5-7fac-8000-a76fac8065bc,Mercy Asante,female,0.82,5,child,NG,Nigeria,0.79,2026-04-27T06:48:19Z
019dcdb2-25e5-7f8d-801c-e88146a524e1,Florentine Okonkwo,female,0.8,44,adult,CI,Côte d'Ivoire,0.71,2026-04-27T06:48:19Z
019dcdb2-25e5-7a52-800a-e75b8554e59c,Bongani Awino,male,0.67,79,senior,MW,Malawi,0.78,2026-04-27T06:48:19Z
019dcdb2-25e5-74a1-8009-2b97551e83db,Hervé Okafor,male,0.92,33,adult,GH,Ghana,0.54,2026-04-27T06:48:19Z
019dcdb2-25e5-7e6d-800f-9af934d86648,Farah Mwangi,male,0.87,38,adult,ET,Ethiopia,0.93,2026-04-27T06:48:19Z
019dcdb2-25e5-7729-8006-50d3cf3d9cc9,Alexis Nwosu,male,0.94,53,adult,CI,Côte d'Ivoire,0.34,2026-04-27T06:48:19Z
019dcdb2-25e5-720f-800a-f1f2517fd3bf,Blessing Eze,female,0.65,37,adult,EH,Western Sahara,0.34,2026-04-27T06:48:19Z
019dcdb2-25e5-7fd6-8008-68ba7a6c9941,Daniel Kponton,male,0.89,15,teenager,GH,Ghana,0.7,2026-04-27T06:48:19Z
019dcdb2-25e5-7b10-8009-1cd96eab48eb,Nyambura Khumalo,female,0.8,18,teenager,ET,Ethiopia,0.59,2026-04-27T06:48:19Z
019dcdb2-25e5-714a-800a-2d674349a324,Kunle Konaté,male,0.82,86,senior,GH,Ghana,0.83,2026-04-27T06:48:19Z
019dcdb2-2781-7884-8003-bd02f13442ac,Mamadou Nwosu,male,0.84,52,adult,BJ,Benin,0.17,2026-04-27T06:48:19Z
019dcdb2-2781-79b4-8010-4fb2c1303bb8,Lindiwe Kamau,female,0.65,58,adult,KE,Kenya,0.2,2026-04-27T06:48:19Z
019dcdb2-2782-722c-8005-397a22598bcb,Rania Tazi,female,0.9,47,adult,EG,Egypt,0.27,2026-04-27T06:48:19Z
019dcdb2-2782-7ce9-8013-9a0a1ee19f7c,Patient Nkoghe,male,0.98,32,adult,CD,DR Congo,0.82,2026-04-27T06:48:19Z
019dcdb2-2782-795d-800a-722dd6a741da,Mengistu Hassan,male,0.92,15,teenager,KE,Kenya,0.47,2026-04-27T06:48:19Z
019dcdb2-2782-76bc-801d-22b03453581d,Sizwe Nyoni,male,0.73,51,adult,AO,Angola,0.62,2026-04-27T06:48:19Z
019dcdb2-2782-7654-8005-244a695e07c3,Thandeka Mnguni,female,0.87,10,child,TZ,Tanzania,0.41,2026-04-27T06:48:19Z
019dcdb2-2782-7b07-8005-3f45ec148b49,Hajar Khalil,female,0.77,21,adult,TN,Tunisia,0.58,2026-04-27T06:48:19Z
019dcdb2-2782-72a2-8009-d9e2534460dd,Robert Edwards,male,0.96,34,adult,JP,Japan,0.62,2026-04-27T06:48:19Z
019dcdb2-2782-7c4c-800e-a1c23fc517c5,Zulai Tadesse,female,0.77,23,adult,KE,Kenya,0.62,2026-04-27T06:48:19Z
019dcdb2-2782-7bfc-801a-922f07931526,Munashe Mhlanga,male,0.98,42,adult,ZM,Zambia,0.93,2026-04-27T06:48:19Z
019dcdb2-2782-7c09-801a-779171e12cb1,Nomsa Nkosi,female,0.91,18,teenager,ZA,South Africa,0.21,2026-04-27T06:48:19Z
019dcdb2-2782-7d77-8000-f0f480ef7009,Yaa Zinsou,female,0.83,25,adult,SN,Senegal,0.3,2026-04-27T06:48:19Z
019dcdb2-2782-7d13-8015-a06d1ef08d68,Yaa Agbodji,female,0.68,19,teenager,ML,Mali,0.64,2026-04-27T06:48:19Z
019dcdb2-2782-70dc-8004-0ee3e02f9ddb,Ramatu Abebe,female,0.68,78,senior,MZ,Mozambique,0.27,2026-04-27T06:48:19Z
019dcdb2-2782-76b5-800d-8c7fc9d3e412,Akua Babatunde,female,0.84,23,adult,NG,Nigeria,0.45,2026-04-27T06:48:19Z
019dcdb2-2782-76cc-8009-69c00d3a820f,Aminata Okafor,female,0.94,40,adult,BJ,Benin,0.53,2026-04-27T06:48:19Z
019dcdb2-2782-7f3e-801c-2234d669c2c4,Lisa Young,female,0.76,21,adult,JP,Japan,0.42,2026-04-27T06:48:19Z
019dcdb2-2782-7527-8007-ce62e3450a22,Efua Gbessi,female,0.95,58,adult,BJ,Benin,0.93,2026-04-27T06:48:19Z
019dcdb2-2782-7356-801c-1b637af0967e,Marcel Ondimba,male,0.78,44,adult,CD,DR Congo,0.31,2026-04-27T06:48:19Z
019dcdb2-2782-7789-8013-f2cc41f58fae,David Amoah,male,0.87,40,adult,NG,Nigeria,0.17,2026-04-27T06:48:19Z
019dcdb2-2782-71e4-8013-c95887e53649,Thandiwe Nyoni,female,0.91,42,adult,ZM,Zambia,0.48,2026-04-27T06:48:19Z
019dcdb2-2782-74d9-8003-f577b31d0d6f,Getachew Tadesse,male,0.74,8,child,ET,Ethiopia,0.87,2026-04-27T06:48:19Z
019dcdb2-2782-7b09-8008-b752faaed588,Yaw Kaboré,male,0.8,42,adult,BJ,Benin,0.79,2026-04-27T06:48:19Z
019dcdb2-2782-79ba-8007-aec9b8df73fa,Dorothy Garcia,female,0.83,50,adult,GB,United Kingdom,0.15,2026-04-27T06:48:19Z
019dcdb2-2782-7770-8010-b05433f9d2b4,Richard Asante,male,0.68,45,adult,SN,Senegal,0.42,2026-04-27T06:48:19Z
019dcdb2-2782-7745-8012-2d7ad82cce27,Mark Baker,male,0.71,23,adult,BR,Brazil,0.35,2026-04-27T06:48:19Z
019dcdb2-2782-7405-800e-aafe2919db91,Tigist Mnguni,female,0.79,76,senior,MU,Mauritius,0.55,2026-04-27T06:48:19Z
019dcdb2-2782-770b-8000-600d81ba8448,Melissa Harris,female,0.78,10,child,CA,Canada,0.68,2026-04-27T06:48:19Z
019dcdb2-2782-796d-8005-50a7afd6e39b,Wanjiru Omar,female,0.74,18,teenager,UG,Uganda,0.82,2026-04-27T06:48:19Z
019dcdb2-2782-737d-801c-4e15ffcaca4c,Tsitsi Tshuma,female,0.68,39,adult,ZA,South Africa,0.89,2026-04-27T06:48:19Z
019dcdb2-2782-7afc-801c-e3e2aaae14a8,Abdou Sow,male,0.76,90,senior,GW,Guinea-Bissau,0.27,2026-04-27T06:48:19Z
019dcdb2-2782-74e3-8007-b192652a673b,Akua Adomou,female,0.79,49,adult,CV,Cape Verde,0.44,2026-04-27T06:48:19Z
019dcdb2-2782-7ad0-801d-332b5e436980,John Baker,male,0.75,54,adult,JP,Japan,0.44,2026-04-27T06:48:19Z
019dcdb2-2782-765e-801b-d52854b7108c,Hauwa Tesfaye,female,0.9,28,adult,TZ,Tanzania,0.87,2026-04-27T06:48:19Z
019dcdb2-2782-7c1e-8000-098447c2667e,Hirut Farah,female,0.78,44,adult,SS,South Sudan,0.87,2026-04-27T06:48:19Z
019dcdb2-2782-7b35-8019-440b5e4c2ee2,Awino Achieng,female,0.98,46,adult,MZ,Mozambique,0.4,2026-04-27T06:48:19Z
019dcdb2-2782-74fe-8001-290da3214c5b,Amanda Brown,female,0.88,6,child,FR,France,0.16,2026-04-27T06:48:19Z
019dcdb2-2782-7d81-8002-3cd7f023ff48,Omar Girma,male,0.87,38,adult,KM,Comoros,0.94,2026-04-27T06:48:19Z
019dcdb2-2782-7773-8011-23457bf1e293,Alemu Kamau,male,0.73,41,adult,KE,Kenya,0.27,2026-04-27T06:48:19Z
019dcdb2-2782-7210-801d-5fc210ba9338,Sekai Moyo,female,0.88,34,adult,LS,Lesotho,0.16,2026-04-27T06:48:19Z
019dcdb2-2782-7f89-8000-80900597d976,Sarah Thomas,female,0.98,51,adult,GB,United Kingdom,0.84,2026-04-27T06:48:19Z
019dcdb2-2782-720b-8010-5cbe29882e2b,Didier Agbodji,male,0.69,15,teenager,BJ,Benin,0.54,2026-04-27T06:48:19Z
019dcdb2-2782-71d9-8016-22698b9819f3,Sara Chraibi,female,0.78,30,adult,EG,Egypt,0.13,2026-04-27T06:48:19Z
019dcdb2-2782-7df1-8004-6dc4135479c1,George Miller,male,0.91,66,senior,IN,India,0.91,2026-04-27T06:48:19Z
019dcdb2-2782-7051-8018-137ff9b9cae5,François Kabila,male,0.95,76,senior,TD,Chad,0.19,2026-04-27T06:48:19Z
019dcdb2-2782-73c1-8006-ce57f2bca9f8,Jason Williams,male,0.97,39,adult,BR,Brazil,0.25,2026-04-27T06:48:19Z
019dcdb2-2782-7caf-800d-e9dee48da46e,Adhiambo Desta,female,0.85,48,adult,UG,Uganda,0.49,2026-04-27T06:48:19Z
019dcdb2-2782-76f0-8017-83f68da6d506,Oumou Nikiéma,female,0.92,83,senior,SN,Senegal,0.69,2026-04-27T06:48:19Z
019dcdb2-2782-7ffa-800b-dcc70750a5f7,Nompumelelo Mwangi,female,0.69,83,senior,RW,Rwanda,0.75,2026-04-27T06:48:19Z
019dcdb2-2782-7867-8009-775964c91e4e,Jeffrey Carter,male,0.74,47,adult,US,United States,0.6,2026-04-27T06:48:19Z
019dcdb2-2782-71f3-8018-d076a4817b77,Astou Nwosu,female,0.84,62,senior,NG,Nigeria,0.86,2026-04-27T06:48:19Z
019dcdb2-2782-7ae5-8008-fa1c4bcdcc72,Nandi Elmi,female,0.76,34,adult,ET,Ethiopia,0.53,2026-04-27T06:48:19Z
019dcdb2-2782-71e4-8012-4ec6b2fa9fba,Estelle Barro,female,0.77,11,child,CI,Côte d'Ivoire,0.55,2026-04-27T06:48:19Z
019dcdb2-2782-770d-801b-a68ecfe7eb55,Nadia Tazi,female,0.76,27,adult,MA,Morocco,0.5,2026-04-27T06:48:19Z
019dcdb2-2782-7b4a-800e-46ac86ed70a4,Nadia Berrada,female,0.95,13,teenager,EG,Egypt,0.42,2026-04-27T06:48:19Z
019dcdb2-2782-7eca-800a-bd9fb2d915a1,Kwame Compaoré,male,0.98,7,child,BJ,Benin,0.21,2026-04-27T06:48:19Z
019dcdb2-2782-7f74-8006-680c647ef6d1,Thandeka Abebe,female,0.79,47,adult,UG,Uganda,0.81,2026-04-27T06:48:19Z
019dcdb2-2782-76b6-8001-168ed4265833,Munashe Dlamini,male,0.82,81,senior,BW,Botswana,0.37,2026-04-27T06:48:19Z
019dcdb2-2782-736e-8006-aebd42ca8ece,Zodwa Mohamed,female,0.89,47,adult,SS,South Sudan,0.65,2026-04-27T06:48:19Z
019dcdb2-2782-7174-8017-51b2e62d8004,Wanja Omar,female,0.83,52,adult,ET,Ethiopia,0.56,2026-04-27T06:48:19Z
019dcdb2-2782-7627-8012-a9c21351af89,Hauwa Ahmed,female,0.81,89,senior,KE,Kenya,0.91,2026-04-27T06:48:19Z
019dcdb2-2782-735d-800c-67ddf0ebd936,Akua Owusu,female,0.72,10,child,NG,Nigeria,0.51,2026-04-27T06:48:19Z
019dcdb2-2782-7b2a-8004-6bf0fcb64650,David Lokossou,male,0.66,31,adult,BJ,Benin,0.52,2026-04-27T06:48:19Z
019dcdb2-2782-7b01-8011-4f6cc6437cff,Fatoumata Hounsou,female,0.8,51,adult,LR,Liberia,0.75,2026-04-27T06:48:19Z
019dcdb2-2782-7ee5-8001-e8941ad467de,Dorothy Green,female,0.84,59,adult,US,United States,0.74,2026-04-27T06:48:19Z
019dcdb2-2782-7c55-8008-534622204cab,Girma Mthembu,male,0.98,39,adult,RW,Rwanda,0.62,2026-04-27T06:48:19Z
019dcdb2-2782-7380-801d-995d6595ebff,Ebo Tchalla,male,0.69,89,senior,SN,Senegal,0.77,2026-04-27T06:48:19Z
019dcdb2-2782-7545-800f-443cf0af02fb,Abdi Hassan,male,0.75,44,adult,MG,Madagascar,0.84,2026-04-27T06:48:19Z
019dcdb2-2782-7ca9-8019-1a3a1e1b95b3,Zanele Nkosi,female,0.71,27,adult,MG,Madagascar,0.41,2026-04-27T06:48:19Z
019dcdb2-2782-7de2-8013-bbd3a2cfa6c5,Siham Saidi,female,0.7,43,adult,EG,Egypt,0.91,2026-04-27T06:48:19Z
019dcdb2-2782-7a38-8006-3253c3f7a7f0,Girma Abdi,male,0.79,14,teenager,TZ,Tanzania,0.27,2026-04-27T06:48:19Z
019dcdb2-2782-7c7b-8000-4bd8bd010b8f,Takoda Girma,male,0.95,53,adult,DJ,Djibouti,0.69,2026-04-27T06:48:19Z
019dcdb2-2782-7485-8005-e1ef59412f4a,Bilkisu Adhiambo,female,0.83,17,teenager,TZ,Tanzania,0.23,2026-04-27T06:48:19Z
019dcdb2-2782-7c1b-800f-fe3ae44fcd7b,Tariq Khatib,male,0.66,14,teenager,DZ,Algeria,0.69,2026-04-27T06:48:19Z
019dcdb2-2782-70c8-8014-d43eb575ea14,Margaret Adams,female,0.71,27,adult,DE,Germany,0.18,2026-04-27T06:48:19Z
019dcdb2-2782-7aa2-8007-1c808d1a86ea,Wairimu Shabalala,female,0.7,30,adult,KE,Kenya,0.87,2026-04-27T06:48:19Z
019dcdb2-2782-71d5-800a-71cfdd8f6b50,Joy Tchalla,female,0.66,7,child,GH,Ghana,0.31,2026-04-27T06:48:19Z
019dcdb2-2782-724f-8013-a0983a9d0f16,Jacques Mobutu,male,0.76,12,child,CM,Cameroon,0.29,2026-04-27T06:48:19Z
019dcdb2-2782-7162-8002-6dd42611fd89,Chipo Mthembu,female,0.91,90,senior,SZ,Eswatini,0.57,2026-04-27T06:48:19Z
019dcdb2-2782-7fd7-8003-40b5f9b41c8d,Abena Adeyemi,female,0.68,64,senior,EH,Western Sahara,0.59,2026-04-27T06:48:19Z
019dcdb2-2782-777e-800f-cf8ac4e40d87,Samuel Boateng,male,0.75,14,teenager,SN,Senegal,0.36,2026-04-27T06:48:19Z
019dcdb2-2782-78dc-800b-640cea22d461,Kariuki Adhiambo,male,0.83,58,adult,UG,Uganda,0.8,2026-04-27T06:48:19Z
019dcdb2-2782-70a9-8000-384e141fe224,Awino Ndlovu,female,0.84,39,adult,KE,Kenya,0.7,2026-04-27T06:48:19Z
019dcdb2-2782-7a14-8006-94e8a50acbab,Adwoa Ouédraogo,female,0.8,31,adult,ML,Mali,0.75,2026-04-27T06:48:19Z
019dcdb2-2782-792e-8001-c8446a05e7dd,Lamine Sow,male,0.88,27,adult,SN,Senegal,0.83,2026-04-27T06:48:19Z
019dcdb2-2782-76fc-8014-bffbf11d6ff7,Bekele Tesfaye,male,0.85,78,senior,MZ,Mozambique,0.12,2026-04-27T06:48:19Z
019dcdb2-2782-78d1-800b-fbbe5dc135e8,Barbara Davis,female,0.69,43,adult,BR,Brazil,0.77,2026-04-27T06:48:19Z
019dcdb2-2782-70f3-8017-83d8fb3d293d,Mazvita Moyo,female,0.88,51,adult,AO,Angola,0.14,2026-04-27T06:48:19Z
019dcdb2-2782-73b6-8017-b13f8ebf9641,Themba Ncube,male,0.8,40,adult,ZA,South Africa,0.48,2026-04-27T06:48:19Z
019dcdb2-2782-7f6c-8017-29a83c851a37,Takudzwa Ncube,male,0.85,17,teenager,ST,São Tomé and Príncipe,0.5,2026-04-27T06:48:19Z
019dcdb2-2783-7a4d-8004-55494fc1d12b,Farah Masondo,male,0.97,88,senior,MZ,Mozambique,0.48,2026-04-27T06:48:19Z
019dcdb2-2783-70cc-801a-7fb43f66b3e7,John Johnson,male,0.66,80,senior,FR,France,0.16,2026-04-27T06:48:19Z
019dcdb2-2783-72ee-801b-ff73c8bbbb36,Amadou Antwi,male,0.73,27,adult,EH,Western Sahara,0.71,2026-04-27T06:48:19Z
019dcdb2-2783-7a13-8018-4fb1af2e4bb4,Maame Chukwu,female,0.89,77,senior,TG,Togo,0.47,2026-04-27T06:48:19Z
019dcdb2-2783-73aa-801d-f599c5d8c162,Bekele Achieng,male,0.89,43,adult,KE,Kenya,0.11,2026-04-27T06:48:19Z
019dcdb2-2783-7a85-800c-1a46c9c8b5d1,Marie Ondimba,female,0.84,31,adult,CG,Republic of the Congo,0.9,2026-04-27T06:48:19Z
019dcdb2-2783-76f5-8014-0ed06bffb55f,Melissa Williams,female,0.78,32,adult,BR,Brazil,0.12,2026-04-27T06:48:19Z
019dcdb2-2783-7fe1-801b-8cc2608f6ac9,Ibrahim Mohamed,male,0.69,32,adult,MU,Mauritius,0.21,2026-04-27T06:48:19Z
019dcdb2-2783-7c6c-801e-7705fa44c11d,Hassan Kamau,male,0.75,32,adult,DJ,Djibouti,0.77,2026-04-27T06:48:19Z
019dcdb2-2939-7cd2-8006-e39e0266114f,Mwangi Otieno,male,0.87,20,adult,ET,Ethiopia,0.47,2026-04-27T06:48:20Z
019dcdb2-2939-75e9-8017-63f7f4a6f489,Thandiwe Mpofu,female,0.94,48,adult,ZW,Zimbabwe,0.45,2026-04-27T06:48:20Z
019dcdb2-2939-7f7c-8014-5cc7bb8ba100,Younes Mansouri,male,0.77,42,adult,MA,Morocco,0.53,2026-04-27T06:48:20Z
019dcdb2-2939-7279-8014-178549731def,Favour Barro,female,0.99,86,senior,ML,Mali,0.71,2026-04-27T06:48:20Z
019dcdb2-2939-7e68-8004-679d19475259,Ebo Adeyemi,male,0.91,29,adult,NG,Nigeria,0.58,2026-04-27T06:48:20Z
019dcdb2-2939-75d5-8005-5e85152af799,Djeneba Bah,female,0.77,47,adult,GW,Guinea-Bissau,0.62,2026-04-27T06:48:20Z
019dcdb2-2939-72a6-800d-e519dbed06a1,Hélène Lumumba,female,0.75,15,teenager,CD,DR Congo,0.67,2026-04-27T06:48:20Z
019dcdb2-2939-7183-8009-81db0ec631e6,David Sow,male,0.67,58,adult,BJ,Benin,0.47,2026-04-27T06:48:20Z
019dcdb2-2939-7b53-8003-a8fab9021fbc,Véronique Kalonji,female,0.78,18,teenager,CM,Cameroon,0.63,2026-04-27T06:48:20Z
019dcdb2-2939-7d6b-8003-0e1674fd4758,Patricia Garcia,female,0.65,37,adult,GB,United Kingdom,0.48,2026-04-27T06:48:20Z
019dcdb2-293a-79e3-801f-4f999f0ddb3e,Kojo Chukwu,male,0.72,5,child,NG,Nigeria,0.25,2026-04-27T06:48:20Z
019dcdb2-293a-7230-801c-b1aa0f3d782d,Nompumelelo Nxumalo,female,0.88,37,adult,MU,Mauritius,0.46,2026-04-27T06:48:20Z
019dcdb2-293a-73fe-800f-824a63e2ee57,Jeffrey Taylor,male,0.89,18,teenager,FR,France,0.89,2026-04-27T06:48:20Z
019dcdb2-293a-7f32-8008-837db2cde08f,Kwame Tchalla,male,0.76,39,adult,NG,Nigeria,0.43,2026-04-27T06:48:20Z
019dcdb2-293a-7ded-8019-bc1a15c427a8,Sarah Brown,female,0.82,39,adult,IN,India,0.92,2026-04-27T06:48:20Z
019dcdb2-293a-7167-8014-bc1f5f9df964,Amina Tadesse,female,0.71,74,senior,SO,Somalia,0.69,2026-04-27T06:48:20Z
019dcdb2-293a-7202-800a-154fb55beba5,Serge Mensah,male,0.9,53,adult,MR,Mauritania,0.37,2026-04-27T06:48:20Z
019dcdb2-293a-751e-8017-e70a6f98ff0a,Louis Eyeghe,male,0.76,51,adult,CM,Cameroon,0.19,2026-04-27T06:48:20Z
019dcdb2-293a-71ab-8009-ae767a3db4df,Yaw Touré,male,0.85,33,adult,GH,Ghana,0.62,2026-04-27T06:48:20Z
019dcdb2-293a-726c-8008-166e4ac3f32b,Desta Dlamini,male,0.91,90,senior,ET,Ethiopia,0.67,2026-04-27T06:48:20Z
019dcdb2-293a-7010-8000-13c9104ab9af,Jeanne Kabila,female,0.79,22,adult,CF,Central African Republic,0.89,2026-04-27T06:48:20Z
019dcdb2-293a-7085-8017-e022adf1b9e6,Nandi Achieng,female,0.83,13,teenager,KE,Kenya,0.36,2026-04-27T06:48:20Z
019dcdb2-293a-7eee-801d-ea46afa87217,Walid El Fassi,male,0.85,54,adult,LY,Libya,0.78,2026-04-27T06:48:20Z
019dcdb2-293a-7640-8006-a8a5af8797de,Kadiatou Tchalla,female,0.86,50,adult,CI,Côte d'Ivoire,0.13,2026-04-27T06:48:20Z
019dcdb2-293a-7c71-8011-70eede77dbee,Ahmed Tazi,male,0.73,32,adult,EG,Egypt,0.31,2026-04-27T06:48:20Z
019dcdb2-293a-7228-8002-61e9ee80f5f4,Tigist Abdi,female,0.94,25,adult,RW,Rwanda,0.67,2026-04-27T06:48:20Z
019dcdb2-293a-7ff5-8005-b775f0768e58,Mark Hounsou,male,0.94,41,adult,CI,Côte d'Ivoire,0.77,2026-04-27T06:48:20Z
019dcdb2-293a-7a97-800d-b59fba5a5a3a,Thérèse Mukendi,female,0.8,49,adult,TD,Chad,0.43,2026-04-27T06:48:20Z
019dcdb2-293a-7f28-8006-27112b836bd0,Njoroge Mwangi,male,0.75,43,adult,ET,Ethiopia,0.12,2026-04-27T06:48:20Z
019dcdb2-293a-7904-800e-b66535360eaf,Kathleen Adams,female,0.9,28,adult,US,United States,0.46,2026-04-27T06:48:20Z
019dcdb2-293a-7a4b-8012-363a9030054d,Arsène Camara,male,0.88,15,teenager,NG,Nigeria,0.45,2026-04-27T06:48:20Z
019dcdb2-293a-7deb-800e-67e38f133e27,Lindiwe Mpofu,female,0.94,90,senior,ZA,South Africa,0.62,2026-04-27T06:48:20Z
019dcdb2-293a-78b4-8012-10af9a3b643b,Akua Darko,female,0.72,41,adult,GN,Guinea,0.8,2026-04-27T06:48:20Z
019dcdb2-293a-7bd2-801d-4cb8b1f51a38,Themba Girma,male,0.71,8,child,KE,Kenya,0.7,2026-04-27T06:48:20Z
019dcdb2-293a-7d69-801b-4b5df9a4c8c3,Nandi Abdi,female,0.68,34,adult,MU,Mauritius,0.15,2026-04-27T06:48:20Z
019dcdb2-293a-776c-8008-26b3fb6f0e2d,David White,male,0.81,55,adult,FR,France,0.24,2026-04-27T06:48:20Z
019dcdb2-293a-74c3-8012-cb80a6d447a2,Munashe Nkosi,male,0.82,22,adult,ZA,South Africa,0.68,2026-04-27T06:48:20Z
019dcdb2-293a-767c-800d-ece9a7bc8a67,Femi Dossou,male,0.92,14,teenager,GM,Gambia,0.88,2026-04-27T06:48:20Z
019dcdb2-293a-790d-800d-0607a5ec5bb0,Michelle Martin,female,0.8,22,adult,BR,Brazil,0.92,2026-04-27T06:48:20Z
019dcdb2-293a-73ea-8006-ba6b98d22a48,Emmanuel Afolabi,male,0.87,37,adult,CI,Côte d'Ivoire,0.52,2026-04-27T06:48:20Z
019dcdb2-293a-7b06-8002-e7b6e4a5fb1a,Coumba Chukwu,female,0.95,22,adult,MR,Mauritania,0.8,2026-04-27T06:48:20Z
019dcdb2-293a-749d-800a-7b7c834e315f,Steven Scott,male,0.78,21,adult,DE,Germany,0.21,2026-04-27T06:48:20Z
019dcdb2-293a-7c44-8005-9e4aaed98fc9,Khaled Berrada,male,0.92,35,adult,MA,Morocco,0.34,2026-04-27T06:48:20Z
019dcdb2-293a-721a-8000-2b6783009315,Mutua Kamau,male,0.73,29,adult,RW,Rwanda,0.88,2026-04-27T06:48:20Z
019dcdb2-293a-739a-800a-05e45d5a5941,Hajar Filali,female,0.93,22,adult,SD,Sudan,0.1,2026-04-27T06:48:20Z
019dcdb2-293a-7cfe-8002-7d92e30c2ad7,Maame Eze,female,0.88,32,adult,SN,Senegal,0.57,2026-04-27T06:48:20Z
019dcdb2-293a-79c5-8004-5c9fab54e44e,Tanaka Moyo,male,0.76,51,adult,ZA,South Africa,0.64,2026-04-27T06:48:20Z
019dcdb2-293a-77e4-801c-0617ef2012f8,Lindiwe Dube,female,0.76,51,adult,ZA,South Africa,0.4,2026-04-27T06:48:20Z
019dcdb2-293a-7b21-8002-ebba5153e2a2,Marcel Eyeghe,male,0.77,37,adult,CD,DR Congo,0.34,2026-04-27T06:48:20Z
019dcdb2-293a-727c-8000-8a3c4d30b568,Kojo Amoah,male,0.73,48,adult,CI,Côte d'Ivoire,0.56,2026-04-27T06:48:20Z
019dcdb2-293a-77f0-8016-147c72fef03c,Ali Njoroge,male,0.89,5,child,MW,Malawi,0.57,2026-04-27T06:48:20Z
019dcdb2-293a-7130-8016-f47c8501b573,Ramatu Otieno,female,0.84,28,adult,MZ,Mozambique,0.23,2026-04-27T06:48:20Z
019dcdb2-293a-78ac-801d-d5fd34f193d0,Samuel Konaté,male,0.92,22,adult,GH,Ghana,0.75,2026-04-27T06:48:20Z
019dcdb2-293a-73ba-8013-3626532d1442,Girma Omar,male,0.94,54,adult,UG,Uganda,0.79,2026-04-27T06:48:20Z
019dcdb2-293a-7860-8019-561eb545d621,Khaled Tahir,male,0.99,72,senior,MA,Morocco,0.39,2026-04-27T06:48:20Z
019dcdb2-293a-746c-800d-630939deb313,Patricia Anderson,female,0.76,20,adult,DE,Germany,0.47,2026-04-27T06:48:20Z
019dcdb2-293a-77dd-8004-d0becc1ec91a,Nyasha Mpofu,female,0.68,73,senior,BW,Botswana,0.3,2026-04-27T06:48:20Z
019dcdb2-293a-761a-8005-6b095b1d4a4f,Zanele Ouma,female,0.73,14,teenager,ET,Ethiopia,0.38,2026-04-27T06:48:20Z
019dcdb2-293a-7d73-8015-4f92959964dc,Fatoumata Okafor,female,0.95,45,adult,SN,Senegal,0.41,2026-04-27T06:48:20Z
019dcdb2-293a-7103-8010-d0a80f31ccc9,Moussa Segla,male,0.8,19,teenager,NG,Nigeria,0.56,2026-04-27T06:48:20Z
019dcdb2-293a-7e91-8007-9e6414d68a72,Faith Compaoré,female,0.84,13,teenager,BF,Burkina Faso,0.89,2026-04-27T06:48:20Z
019dcdb2-293a-7d37-8012-839f1edb1df3,Ibrahim Mthembu,male,0.89,6,child,TZ,Tanzania,0.66,2026-04-27T06:48:20Z
019dcdb2-293a-7ee7-800d-5250840110bc,Favour Tchalla,female,0.94,79,senior,NG,Nigeria,0.84,2026-04-27T06:48:20Z
019dcdb2-293a-7b37-801b-825d8140f2b7,Jama Masondo,male,0.85,42,adult,SO,Somalia,0.17,2026-04-27T06:48:20Z
019dcdb2-293a-7c0d-8000-7f7707cd5d4e,Nyambura Cele,female,0.87,50,adult,TZ,Tanzania,0.56,2026-04-27T06:48:20Z
019dcdb2-293a-7bb4-800a-2634ba644cd7,Bekele Alemu,male,0.89,26,adult,KE,Kenya,0.66,2026-04-27T06:48:20Z
019dcdb2-293a-75ee-8014-4209eb72a305,Jeffrey Perez,male,0.84,45,adult,JP,Japan,0.34,2026-04-27T06:48:20Z
019dcdb2-293a-7759-8000-b335b485018c,Kimani Haile,male,0.92,57,adult,SO,Somalia,0.3,2026-04-27T06:48:20Z
019dcdb2-293a-7e07-8002-596dbdf66a75,Lindiwe Mthembu,female,0.85,87,senior,AO,Angola,0.4,2026-04-27T06:48:20Z
019dcdb2-293a-7bd0-801e-c737d6783cff,Bongani Tesfaye,male,0.67,16,teenager,SC,Seychelles,0.13,2026-04-27T06:48:20Z
019dcdb2-293a-77b8-8014-e5358aa6888f,Deborah Williams,female,0.73,48,adult,BR,Brazil,0.66,2026-04-27T06:48:20Z
019dcdb2-293a-7613-8018-a75a80d45d80,Jeanne Tshisekedi,female,0.98,5,child,CD,DR Congo,0.53,2026-04-27T06:48:20Z
019dcdb2-293a-7ce4-8000-bc9d43a4ee50,Mpho Dlamini,male,0.79,44,adult,ZW,Zimbabwe,0.83,2026-04-27T06:48:20Z
019dcdb2-293a-7039-8003-b9bf06eed59f,Esi Darko,female,0.73,46,adult,GH,Ghana,0.56,2026-04-27T06:48:20Z
019dcdb2-293a-7293-801c-2bf43569cce0,Calixte Compaoré,male,0.98,43,adult,NG,Nigeria,0.84,2026-04-27T06:48:20Z
019dcdb2-293a-7967-8019-8feb6ee8d069,Mulu Desta,female,0.76,38,adult,ET,Ethiopia,0.48,2026-04-27T06:48:20Z
019dcdb2-293a-7e40-8010-76b713174942,Lamine Mensah,male,0.9,50,adult,SN,Senegal,0.56,2026-04-27T06:48:20Z
019dcdb2-293a-711d-801d-e7891f57926d,Adaeze Gbessi,female,0.75,19,teenager,NG,Nigeria,0.39,2026-04-27T06:48:20Z
019dcdb2-293a-77ef-801a-041c50069c5d,Laila Hajji,female,0.98,52,adult,TN,Tunisia,0.27,2026-04-27T06:48:20Z
019dcdb2-293a-79bb-8011-3380b09e052d,Amara Jama,male,0.8,25,adult,KE,Kenya,0.63,2026-04-27T06:48:20Z
019dcdb2-293a-7261-8001-0d56a9fb7859,Véronique Kasavubu,female,0.7,8,child,CD,DR Congo,0.93,2026-04-27T06:48:20Z
019dcdb2-293a-737b-801b-c374f86c0158,Abdi Mengistu,male,0.89,18,teenager,ET,Ethiopia,0.45,2026-04-27T06:48:20Z
019dcdb2-293a-7f94-800c-08c291c1ab3b,Bongani Adhiambo,male,0.85,62,senior,UG,Uganda,0.91,2026-04-27T06:48:20Z
019dcdb2-293a-7074-800f-7242c7260482,Halima Hassan,female,0.72,35,adult,SS,South Sudan,0.72,2026-04-27T06:48:20Z
019dcdb2-293a-7ae1-8016-fa3c18995b69,Ebo Adomou,male,0.98,32,adult,BJ,Benin,0.82,2026-04-27T06:48:20Z
019dcdb2-293a-79a0-8014-37d7e319a483,Getachew Abdi,male,0.96,54,adult,UG,Uganda,0.86,2026-04-27T06:48:20Z
019dcdb2-293a-7f0c-8000-1c4b946072a7,Thabo Jama,male,0.67,46,adult,BI,Burundi,0.92,2026-04-27T06:48:20Z
019dcdb2-293a-78de-8004-70166ba5dfea,Kobina Nikiéma,male,0.88,30,adult,ML,Mali,0.75,2026-04-27T06:48:20Z
019dcdb2-293a-777e-8002-ab06904d0810,Ayasha Awino,female,0.75,58,adult,ET,Ethiopia,0.33,2026-04-27T06:48:20Z
019dcdb2-293a-764a-800a-eb24c9ab7807,Nyasha Cele,female,0.79,59,adult,LS,Lesotho,0.35,2026-04-27T06:48:20Z
019dcdb2-293a-769d-8003-863608a2447d,Thomas Turner,male,0.68,28,adult,CA,Canada,0.83,2026-04-27T06:48:20Z
019dcdb2-293a-7c97-8011-5ba517e48b44,Faith Sidibé,female,0.68,38,adult,LR,Liberia,0.63,2026-04-27T06:48:20Z
019dcdb2-293a-74e9-8009-1a8ee32488e2,Zulai Shabalala,female,0.91,39,adult,TZ,Tanzania,0.2,2026-04-27T06:48:20Z
019dcdb2-293a-767d-8006-1cd207faec9d,Timothy Martin,male,0.88,56,adult,DE,Germany,0.88,2026-04-27T06:48:20Z
019dcdb2-293a-7433-8015-2b65b6a10b96,Sipho Ncube,male,0.93,51,adult,ZA,South Africa,0.29,2026-04-27T06:48:20Z
019dcdb2-293a-73a1-800f-86b1fbdc0818,Paul Kabila,male,0.98,18,teenager,CM,Cameroon,0.81,2026-04-27T06:48:20Z
019dcdb2-293a-7357-8010-f841b39d5d1b,Jeffrey Hill,male,0.74,47,adult,GB,United Kingdom,0.52,2026-04-27T06:48:20Z
019dcdb2-293a-7e7e-8012-994b3d3f3f3e,Michelle Scott,female,0.89,88,senior,FR,France,0.48,2026-04-27T06:48:20Z
019dcdb2-293a-79ce-8012-c222e78ac94b,Nandi Cele,female,0.76,84,senior,KE,Kenya,0.59,2026-04-27T06:48:20Z
019dcdb2-293a-777c-8016-e55355bcaf65,Mamadou Agyei,male,0.84,49,adult,ML,Mali,0.77,2026-04-27T06:48:20Z
019dcdb2-2a9c-770e-8002-2d53f5aa4366,Nokwanda Cele,female,0.85,81,senior,MZ,Mozambique,0.9,2026-04-27T06:48:20Z
019dcdb2-2a9c-7fba-8001-ac7f39ec167f,Nokwanda Shabalala,female,0.75,41,adult,ZM,Zambia,0.21,2026-04-27T06:48:20Z
019dcdb2-2a9c-79b4-8001-5dce2737c143,Yaa Lokossou,female,0.9,89,senior,CV,Cape Verde,0.8,2026-04-27T06:48:20Z
019dcdb2-2a9c-7fe8-8007-0789f3139c9d,Mpho Bekele,male,0.79,77,senior,SO,Somalia,0.86,2026-04-27T06:48:20Z
019dcdb2-2a9c-7e44-8016-50e81bba23c2,Efua Okafor,female,0.82,47,adult,CI,Côte d'Ivoire,0.59,2026-04-27T06:48:20Z
019dcdb2-2a9c-7c75-8006-34655113bc6b,Mutua Cele,male,0.65,8,child,RW,Rwanda,0.46,2026-04-27T06:48:20Z
019dcdb2-2a9c-7f78-8013-eebad6564bc3,Adhiambo Tesfaye,female,0.69,27,adult,ET,Ethiopia,0.79,2026-04-27T06:48:20Z
019dcdb2-2a9c-7c68-8003-9dbd1145cbe9,Waweru Elmi,male,0.67,21,adult,TZ,Tanzania,0.23,2026-04-27T06:48:20Z
019dcdb2-2a9d-75a4-801f-014b3de41b8b,Aminata Antwi,female,0.68,78,senior,TG,Togo,0.25,2026-04-27T06:48:20Z
019dcdb2-2a9d-7262-801e-e1d18a4d71e7,Coumba Sow,female,0.75,87,senior,SN,Senegal,0.23,2026-04-27T06:48:20Z
019dcdb2-2a9d-74d3-800f-e88c31425ef4,Segun Sidibé,male,0.85,89,senior,ML,Mali,0.26,2026-04-27T06:48:20Z
019dcdb2-2a9d-7ab0-8015-f7565efa9112,Thandeka Elmi,female,0.73,83,senior,KE,Kenya,0.17,2026-04-27T06:48:20Z
019dcdb2-2a9d-7b8c-801b-7159333fe3df,Amina Girma,female,0.87,58,adult,TZ,Tanzania,0.52,2026-04-27T06:48:20Z
019dcdb2-2a9d-74a1-8012-b6634108c945,Joseph Chukwu,male,0.93,18,teenager,NG,Nigeria,0.16,2026-04-27T06:48:20Z
019dcdb2-2a9d-7dba-800d-b12ac8e50d5e,Maame Touré,female,0.82,18,teenager,GM,Gambia,0.33,2026-04-27T06:48:20Z
019dcdb2-2a9d-7e20-801b-a26b14a3406e,Henri Obiang,male,0.89,45,adult,GQ,Equatorial Guinea,0.48,2026-04-27T06:48:20Z
019dcdb2-2a9d-7475-8016-36540afd294b,Rachid Lamrani,male,0.97,77,senior,EG,Egypt,0.28,2026-04-27T06:48:20Z
019dcdb2-2a9d-72ba-8003-320520e417f7,Ahmed Amrani,male,0.98,51,adult,LY,Libya,0.63,2026-04-27T06:48:20Z
019dcdb2-2a9d-7f10-801b-28e7cc730a25,Kojo Eze,male,0.88,24,adult,NG,Nigeria,0.86,2026-04-27T06:48:20Z
019dcdb2-2a9d-7da0-8005-aed9cb888010,Gloire Ondimba,female,0.97,24,adult,CM,Cameroon,0.4,2026-04-27T06:48:20Z
019dcdb2-2a9d-719f-801e-24b2316a3211,Anthony Hill,male,0.75,21,adult,GB,United Kingdom,0.38,2026-04-27T06:48:20Z
019dcdb2-2a9d-79bb-8009-614bc8644810,Jacques Ondimba,male,0.67,20,adult,CF,Central African Republic,0.94,2026-04-27T06:48:20Z
019dcdb2-2a9d-7bbc-8008-0111ac33896d,Wangari Mohamed,female,0.74,70,senior,KE,Kenya,0.73,2026-04-27T06:48:20Z
019dcdb2-2a9d-7645-8014-0904e108d05d,Jacob Thomas,male,0.84,62,senior,JP,Japan,0.65,2026-04-27T06:48:20Z
019dcdb2-2a9d-7e95-8014-2aadfa1c0409,Barbara Carter,female,0.68,46,adult,GB,United Kingdom,0.36,2026-04-27T06:48:20Z
019dcdb2-2a9d-792f-801b-e622fb59212b,Louis Bongo,male,0.9,7,child,CD,DR Congo,0.62,2026-04-27T06:48:20Z
019dcdb2-2a9d-73e8-8015-334a5208715e,Bilkisu Hassan,female,0.68,38,adult,TZ,Tanzania,0.52,2026-04-27T06:48:20Z
019dcdb2-2a9d-75cc-8012-f0bd98b47cde,Florentine Camara,female,0.68,59,adult,BJ,Benin,0.34,2026-04-27T06:48:20Z
019dcdb2-2a9d-7b5e-8001-ab9a0bcb1ddb,Hyacinthe Ping,male,0.95,68,senior,CG,Republic of the Congo,0.7,2026-04-27T06:48:20Z
019dcdb2-2a9d-7fa4-801e-18fec1f31fda,Paul Garcia,male,0.96,33,adult,US,United States,0.8,2026-04-27T06:48:20Z
019dcdb2-2a9d-7dde-8005-3db6c136e340,Jennifer Roberts,female,0.96,24,adult,JP,Japan,0.3,2026-04-27T06:48:20Z
019dcdb2-2a9d-78f8-8009-7193bb7aed8c,Estelle Tchalla,female,0.97,58,adult,GH,Ghana,0.82,2026-04-27T06:48:20Z
019dcdb2-2a9d-7979-8010-5bc517b3267a,Emmanuel Tchalla,male,0.84,12,child,GH,Ghana,0.45,2026-04-27T06:48:20Z
019dcdb2-2a9d-7ada-801b-1100fdf8a46e,John Nelson,male,0.91,38,adult,US,United States,0.16,2026-04-27T06:48:20Z
019dcdb2-2a9d-7f34-8008-a47c5bbd8c79,Othmane Rachidi,male,0.73,58,adult,MA,Morocco,0.19,2026-04-27T06:48:20Z
019dcdb2-2a9d-7666-8011-7f862a2c8763,Rumbidzai Nkosi,female,0.82,18,teenager,ST,São Tomé and Príncipe,0.3,2026-04-27T06:48:20Z
019dcdb2-2a9d-7fd8-800a-4b19890e890c,Margaret Edwards,female,0.79,49,adult,US,United States,0.21,2026-04-27T06:48:20Z
019dcdb2-2a9d-75a8-800a-3b5f5644bad7,Joseph Flores,male,0.91,71,senior,US,United States,0.29,2026-04-27T06:48:20Z
019dcdb2-2a9d-762a-8019-37bcfeb3330c,Sekai Nkomo,female,0.94,29,adult,ZM,Zambia,0.88,2026-04-27T06:48:20Z
019dcdb2-2a9d-77de-8005-7eb067eeaf56,Ekow Afolabi,male,0.91,11,child,GH,Ghana,0.13,2026-04-27T06:48:20Z
019dcdb2-2a9d-782d-8007-7fa1e34998e7,Hassan Haile,male,0.65,33,adult,DJ,Djibouti,0.32,2026-04-27T06:48:20Z
019dcdb2-2a9d-7214-801e-0c2bfab4282a,Aimée Kalonji,female,0.98,15,teenager,GQ,Equatorial Guinea,0.84,2026-04-27T06:48:20Z
019dcdb2-2a9d-7bf7-8012-57d0b756bb5a,Innocent Kalonji,male,0.77,52,adult,CM,Cameroon,0.17,2026-04-27T06:48:20Z
019dcdb2-2a9d-7b62-8003-5e344f9e09a5,Kwame Camara,male,0.8,15,teenager,SL,Sierra Leone,0.8,2026-04-27T06:48:20Z
019dcdb2-2a9d-7c07-8009-e3af2559161f,Jeffrey Thompson,male,0.91,41,adult,GB,United Kingdom,0.8,2026-04-27T06:48:20Z
019dcdb2-2a9d-7dd2-8017-a13d8bcece3e,Ramatu Ahmed,female,0.99,25,adult,UG,Uganda,0.17,2026-04-27T06:48:20Z
019dcdb2-2a9d-7151-800e-579636aa0c42,Cheikh Afolabi,male,0.84,47,adult,BJ,Benin,0.91,2026-04-27T06:48:20Z
019dcdb2-2a9d-7ce5-800f-669ab1fa30cc,Nokwanda Nkosi,female,0.65,26,adult,TZ,Tanzania,0.48,2026-04-27T06:48:20Z
019dcdb2-2a9d-7b76-8019-511e01b13d62,Zineb Amrani,female,0.87,62,senior,EG,Egypt,0.23,2026-04-27T06:48:20Z
019dcdb2-2a9d-785d-8012-7f97772b63f2,Nana Gbagbo,male,0.76,23,adult,GN,Guinea,0.11,2026-04-27T06:48:20Z
019dcdb2-2a9d-786e-801b-e04772839169,Aminata Igwe,female,0.95,41,adult,NG,Nigeria,0.4,2026-04-27T06:48:20Z
019dcdb2-2a9d-7448-8006-eb58ab32caca,Ebo Asante,male,0.77,14,teenager,BJ,Benin,0.78,2026-04-27T06:48:20Z
019dcdb2-2a9d-792e-800d-457df3e7037d,Amara Ndlovu,male,0.87,43,adult,UG,Uganda,0.94,2026-04-27T06:48:20Z
019dcdb2-2a9d-7db9-8009-8abcff77f7b3,George Turner,male,0.94,89,senior,US,United States,0.16,2026-04-27T06:48:20Z
019dcdb2-2a9d-7152-8014-252b3e14dbec,Nompumelelo Ncube,female,0.76,57,adult,AO,Angola,0.22,2026-04-27T06:48:20Z
019dcdb2-2a9d-7f2f-8018-bbf9e5ff5b5e,Coumba Sawadogo,female,0.76,50,adult,GH,Ghana,0.41,2026-04-27T06:48:20Z
019dcdb2-2a9d-77d8-8013-ccac098bccf2,Hervé Tapsoba,male,0.87,51,adult,BJ,Benin,0.64,2026-04-27T06:48:20Z
019dcdb2-2a9d-7119-801a-001e17ffb7ba,Yeshi Awino,female,0.7,12,child,TZ,Tanzania,0.27,2026-04-27T06:48:20Z
019dcdb2-2a9d-7413-8005-08aeee5c7990,Araba Owusu,female,0.78,36,adult,SL,Sierra Leone,0.85,2026-04-27T06:48:20Z
019dcdb2-2a9d-72f3-8002-ad93c485921a,Ouma Kamau,male,0.67,60,senior,MZ,Mozambique,0.91,2026-04-27T06:48:20Z
019dcdb2-2a9d-785c-800c-39d8fc5ae0b1,Kariuki Mwangi,male,0.9,22,adult,MG,Madagascar,0.49,2026-04-27T06:48:20Z
019dcdb2-2a9d-701d-8013-0c35fe1fbdf4,Mengistu Abebe,male,0.78,25,adult,BI,Burundi,0.85,2026-04-27T06:48:20Z
019dcdb2-2a9d-7e42-8019-4afc2d86019d,Sizwe Adhiambo,male,0.78,37,adult,ET,Ethiopia,0.2,2026-04-27T06:48:20Z
019dcdb2-2a9d-77c7-8004-2fa3e5ea30e3,Sekai Nyoni,female,0.65,42,adult,LS,Lesotho,0.89,2026-04-27T06:48:20Z
019dcdb2-2a9d-76c0-801b-f89ae4adf831,Kenneth Smith,male,0.68,42,adult,IN,India,0.39,2026-04-27T06:48:20Z
019dcdb2-2a9d-7e6e-8017-e77a2181a708,Ade Olawale,male,0.66,36,adult,NG,Nigeria,0.1,2026-04-27T06:48:20Z
019dcdb2-2a9e-7e35-801b-839c6011075a,Anthony Young,male,0.96,61,senior,US,United States,0.3,2026-04-27T06:48:20Z
019dcdb2-2a9e-7efc-8005-e5124739b450,John Young,male,0.77,40,adult,BR,Brazil,0.12,2026-04-27T06:48:20Z
019dcdb2-2a9e-7570-801e-b426a3676b00,Akosua Adomou,female,0.65,37,adult,GH,Ghana,0.56,2026-04-27T06:48:20Z
019dcdb2-2a9e-75dd-8005-5d1f60a5caf1,Yasmine Mansouri,female,0.84,64,senior,SD,Sudan,0.8,2026-04-27T06:48:20Z
019dcdb2-2a9e-78fe-800b-078d3f4e2f6a,Amina Bekele,female,0.73,20,adult,ET,Ethiopia,0.65,2026-04-27T06:48:20Z
019dcdb2-2a9e-7965-800a-ba3fe6e2a3d0,Mariama Camara,female,0.74,32,adult,SN,Senegal,0.76,2026-04-27T06:48:20Z
019dcdb2-2a9e-7e70-8004-36f5c5351232,Sharon Flores,female,0.82,14,teenager,IN,India,0.34,2026-04-27T06:48:20Z
019dcdb2-2a9e-772d-801c-1e932ce51961,Richard Thomas,male,0.67,75,senior,US,United States,0.63,2026-04-27T06:48:20Z
019dcdb2-2a9e-7331-801f-34f78a92b861,Ahmed Mansouri,male,0.98,84,senior,MA,Morocco,0.86,2026-04-27T06:48:20Z
019dcdb2-2a9e-7359-800e-eeb8eed14931,Rudo Ndebele,female,0.77,13,teenager,ZM,Zambia,0.23,2026-04-27T06:48:20Z
019dcdb2-2a9e-7ea9-801f-4c5f19efb18e,Calixte Zongo,male,0.99,46,adult,GH,Ghana,0.83,2026-04-27T06:48:20Z
019dcdb2-2a9e-7a0b-8018-2f3f26f6faf7,Peter Agyei,male,0.67,7,child,GH,Ghana,0.25,2026-04-27T06:48:20Z
019dcdb2-2a9e-762c-8011-13608accc629,Hirut Khumalo,female,0.82,20,adult,KE,Kenya,0.39,2026-04-27T06:48:20Z
019dcdb2-2a9e-7f1a-8009-54ed8ce161a9,Sekai Masondo,female,0.67,41,adult,ZW,Zimbabwe,0.66,2026-04-27T06:48:20Z
019dcdb2-2a9e-7d88-8014-d47acd2457f8,Desta Tadesse,male,0.83,54,adult,ER,Eritrea,0.53,2026-04-27T06:48:20Z
019dcdb2-2a9e-7370-801f-febb9b9432bd,Njeri Odhiambo,female,0.69,42,adult,MZ,Mozambique,0.28,2026-04-27T06:48:20Z
019dcdb2-2a9e-7eef-800f-b2a39b27c1bc,Andrew Roberts,male,0.8,55,adult,IN,India,0.35,2026-04-27T06:48:20Z
019dcdb2-2a9e-7795-8010-3d94e1499d9e,Rim Hajji,female,0.77,65,senior,TN,Tunisia,0.13,2026-04-27T06:48:20Z
019dcdb2-2a9e-76ab-8012-d7b1df7ae5d8,Rokhaya Dossou,female,0.91,7,child,BJ,Benin,0.79,2026-04-27T06:48:20Z
019dcdb2-2a9e-7a26-8017-27c8a37d0b43,Grâce Lumumba,female,0.75,38,adult,CG,Republic of the Congo,0.36,2026-04-27T06:48:20Z
019dcdb2-2a9e-7c57-8016-db2672991556,Tigist Khumalo,female,0.77,43,adult,MZ,Mozambique,0.65,2026-04-27T06:48:20Z
019dcdb2-2a9e-7c45-8006-a571d1ebe8c0,Lerato Shabalala,male,0.69,12,child,ET,Ethiopia,0.73,2026-04-27T06:48:20Z
019dcdb2-2a9e-7bce-801f-36785c1d1b8d,Nandi Masondo,female,0.81,43,adult,ZA,South Africa,0.87,2026-04-27T06:48:20Z
019dcdb2-2a9e-7aa2-800d-5cb68e5b10a7,Matthew Wright,male,0.88,55,adult,CN,China,0.32,2026-04-27T06:48:20Z
019dcdb2-2a9e-7898-8006-ef1135056736,Chisom Gbessi,female,0.9,24,adult,CV,Cape Verde,0.88,2026-04-27T06:48:20Z
019dcdb2-2a9e-7237-8006-de38c8bf2135,Cheikh Konaté,male,0.97,59,adult,NG,Nigeria,0.64,2026-04-27T06:48:20Z
019dcdb2-2a9e-755f-8011-9ab7fb0944dc,Mekdes Waweru,female,0.89,90,senior,SS,South Sudan,0.83,2026-04-27T06:48:20Z
019dcdb2-2a9e-7cad-800b-3ab987f8ebba,Anne Bomboko,female,0.68,71,senior,GQ,Equatorial Guinea,0.74,2026-04-27T06:48:20Z
019dcdb2-2a9e-7a97-801c-646384ddf59a,Tadesse Mnguni,male,0.66,61,senior,KE,Kenya,0.62,2026-04-27T06:48:20Z
019dcdb2-2a9e-79d3-8005-2a1255cce20b,Yaa Okonkwo,female,0.92,11,child,SN,Senegal,0.7,2026-04-27T06:48:20Z
019dcdb2-2a9e-73cc-8010-e759a4ab7016,Moussa Igwe,male,0.82,51,adult,BJ,Benin,0.31,2026-04-27T06:48:20Z
019dcdb2-2a9e-7cd4-8002-7d55d661f11e,Richard Perez,male,0.82,72,senior,IN,India,0.54,2026-04-27T06:48:20Z
019dcdb2-2a9e-78bb-8000-bfc5676aa749,Kunle Dossou,male,0.92,40,adult,GH,Ghana,0.93,2026-04-27T06:48:20Z
019dcdb2-2a9e-7218-8011-cc016a870a40,Tesfaye Khumalo,male,0.88,90,senior,RW,Rwanda,0.85,2026-04-27T06:48:20Z
019dcdb2-2c21-7a24-8003-f6900ce7f9c4,Girma Odhiambo,male,0.78,54,adult,ET,Ethiopia,0.23,2026-04-27T06:48:20Z
019dcdb2-2c21-7186-8000-3ddb018d4531,Bongiwe Mhlanga,female,0.75,18,teenager,ST,São Tomé and Príncipe,0.67,2026-04-27T06:48:20Z
019dcdb2-2c21-7277-800f-391657d4e9e1,Clarisse Lokossou,female,0.94,69,senior,SN,Senegal,0.8,2026-04-27T06:48:20Z
019dcdb2-2c21-7ff9-8006-80536c997f64,Bongiwe Dube,female,0.94,44,adult,ZW,Zimbabwe,0.55,2026-04-27T06:48:20Z
019dcdb2-2c21-759c-8012-650e9e53f9b5,Oumou Agbodji,female,0.74,57,adult,SN,Senegal,0.19,2026-04-27T06:48:20Z
019dcdb2-2c21-7b7e-8007-bc72464fa61d,Didier Agyei,male,0.73,28,adult,BJ,Benin,0.7,2026-04-27T06:48:20Z
019dcdb2-2c21-71ae-8003-43e44f456039,Ahmed Benhammou,male,0.79,58,adult,MA,Morocco,0.38,2026-04-27T06:48:20Z
019dcdb2-2c21-77de-8009-46148b76b04b,Mpho Mengistu,male,0.7,42,adult,ET,Ethiopia,0.43,2026-04-27T06:48:20Z
019dcdb2-2c21-7970-800c-d9c2eefc48b4,Carol Scott,female,0.69,34,adult,CN,China,0.35,2026-04-27T06:48:20Z
019dcdb2-2c21-7636-8014-5e7ae9d5dd74,Chérie Mukendi,female,0.79,87,senior,CD,DR Congo,0.89,2026-04-27T06:48:20Z
019dcdb2-2c21-7147-801e-bfa310de37c8,Dieudonné Bomboko,male,0.83,76,senior,TD,Chad,0.44,2026-04-27T06:48:20Z
019dcdb2-2c21-73b0-8009-63d9e1795451,Michael Traoré,male,0.7,14,teenager,ML,Mali,0.83,2026-04-27T06:48:20Z
019dcdb2-2c21-746e-801b-feae7480d389,Jennifer King,female,0.75,57,adult,FR,France,0.3,2026-04-27T06:48:20Z
019dcdb2-2c21-7766-8015-472c40e8c42a,Ismail Adjei,male,0.76,78,senior,BJ,Benin,0.61,2026-04-27T06:48:20Z
019dcdb2-2c21-7119-8004-bf78a796fddc,Nana Sidibé,male,0.93,61,senior,GN,Guinea,0.65,2026-04-27T06:48:20Z
019dcdb2-2c21-7542-801e-8c02a16d6181,Blessing Coulibaly,female,0.94,32,adult,NG,Nigeria,0.41,2026-04-27T06:48:20Z
019dcdb2-2c21-70c6-8014-066b960dd4b7,Alexis Sow,male,0.93,79,senior,NE,Niger,0.93,2026-04-27T06:48:20Z
019dcdb2-2c21-7d75-8000-30345db4a9cc,Mekdes Khumalo,female,0.69,80,senior,ET,Ethiopia,0.62,2026-04-27T06:48:20Z
019dcdb2-2c21-7375-8014-72d26552a1d8,Tadesse Tesfaye,male,0.87,44,adult,ET,Ethiopia,0.74,2026-04-27T06:48:20Z
019dcdb2-2c21-785a-8014-04afe187fc4d,Betty Evans,female,0.72,16,teenager,BR,Brazil,0.56,2026-04-27T06:48:20Z
019dcdb2-2c21-7a23-8004-75608873c355,William Parker,male,0.74,52,adult,IN,India,0.23,2026-04-27T06:48:20Z
019dcdb2-2c21-7e92-8012-933d57813b55,François Kalonji,male,0.8,13,teenager,CG,Republic of the Congo,0.9,2026-04-27T06:48:20Z
019dcdb2-2c21-76d4-800b-1de168491347,Alexis Igwe,male,0.66,18,teenager,ML,Mali,0.26,2026-04-27T06:48:20Z
019dcdb2-2c21-7f6e-801b-2f171ddbd046,Sarah Allen,female,0.83,57,adult,FR,France,0.53,2026-04-27T06:48:20Z
019dcdb2-2c21-7b74-800e-fde0c67195b4,Zodwa Nkosi,female,0.95,15,teenager,ZM,Zambia,0.49,2026-04-27T06:48:20Z
019dcdb2-2c21-7afd-800f-cfde6993e4e3,Fatoumata Tapsoba,female,0.82,68,senior,CI,Côte d'Ivoire,0.7,2026-04-27T06:48:20Z
019dcdb2-2c21-7fcd-8005-5cabea1c954b,Alexis Babatunde,male,0.73,70,senior,BF,Burkina Faso,0.61,2026-04-27T06:48:20Z
019dcdb2-2c21-7ebc-8006-fcfdfdb5e298,Stephanie Flores,female,0.76,49,adult,US,United States,0.31,2026-04-27T06:48:20Z
019dcdb2-2c21-7be3-8002-30bb66172ab5,Sipho Mohamed,male,0.73,59,adult,RW,Rwanda,0.63,2026-04-27T06:48:20Z
019dcdb2-2c21-7693-8016-a461b36469d8,Chidi Agbodji,male,0.77,47,adult,CI,Côte d'Ivoire,0.8,2026-04-27T06:48:20Z
019dcdb2-2c21-7536-8016-0740d59b61c4,Nokwanda Awino,female,0.7,19,teenager,MG,Madagascar,0.67,2026-04-27T06:48:20Z
019dcdb2-2c21-7a3e-801d-d7713f5b0584,Hyacinthe Ondimba,male,0.97,41,adult,CD,DR Congo,0.78,2026-04-27T06:48:20Z
019dcdb2-2c21-714b-8000-01533e83f5ed,Jacob Harris,male,0.93,64,senior,US,United States,0.15,2026-04-27T06:48:20Z
019dcdb2-2c21-7cf2-800f-92e7ece97ba2,Yeshi Waweru,female,0.65,46,adult,UG,Uganda,0.21,2026-04-27T06:48:20Z
019dcdb2-2c21-7c1e-801a-2c27db00e7f5,Mengistu Ali,male,0.79,72,senior,UG,Uganda,0.29,2026-04-27T06:48:20Z
019dcdb2-2c21-79d2-801a-4e7e678fdf3e,Sipho Nxumalo,male,0.94,10,child,ZA,South Africa,0.58,2026-04-27T06:48:20Z
019dcdb2-2c21-71ed-800a-cc0620d9eb8d,Njeri Mohamed,female,0.93,36,adult,TZ,Tanzania,0.59,2026-04-27T06:48:20Z
019dcdb2-2c21-79ab-8008-495f63b8cc72,Bongiwe Nkomo,female,0.74,7,child,AO,Angola,0.64,2026-04-27T06:48:20Z
019dcdb2-2c21-7d32-800d-4d843ec7351b,Tesfaye Mohamed,male,0.91,47,adult,TZ,Tanzania,0.94,2026-04-27T06:48:20Z
019dcdb2-2c21-7505-800d-844b158a95e5,Hafsat Elmi,female,0.67,18,teenager,KE,Kenya,0.26,2026-04-27T06:48:20Z
019dcdb2-2c21-7588-8017-5bb5e39cf74d,Gary Allen,male,0.97,13,teenager,FR,France,0.12,2026-04-27T06:48:20Z
019dcdb2-2c21-747b-801f-dd9d00e123bc,Takudzwa Mhlanga,male,0.9,45,adult,ZW,Zimbabwe,0.49,2026-04-27T06:48:20Z
019dcdb2-2c21-79f3-8012-72147c91b157,Peace Adomou,female,0.8,56,adult,BJ,Benin,0.72,2026-04-27T06:48:20Z
019dcdb2-2c21-7920-8004-d87d49d1e21b,Sadiya Elmi,female,0.69,7,child,MZ,Mozambique,0.56,2026-04-27T06:48:20Z
019dcdb2-2c21-7ed0-8018-61acc2370cce,Youssef Tahir,male,0.66,37,adult,EG,Egypt,0.14,2026-04-27T06:48:20Z
019dcdb2-2c21-76ba-8016-c04c47af2a37,Abebe Jama,male,0.75,21,adult,SO,Somalia,0.74,2026-04-27T06:48:20Z
019dcdb2-2c21-74e8-801a-53300a83c344,Sizwe Masondo,male,0.66,31,adult,ET,Ethiopia,0.63,2026-04-27T06:48:20Z
019dcdb2-2c21-70b8-8016-4fe75ada4048,Bongani Nkosi,male,0.83,30,adult,ET,Ethiopia,0.84,2026-04-27T06:48:20Z
019dcdb2-2c21-785a-800f-930c52d3057b,Tendai Nkomo,male,0.73,45,adult,ZA,South Africa,0.83,2026-04-27T06:48:20Z
019dcdb2-2c21-7a2a-8014-30585fea98f7,Kunle Agbodji,male,0.76,53,adult,BF,Burkina Faso,0.87,2026-04-27T06:48:20Z
019dcdb2-2c21-76df-800f-3ba4ed970323,Tanaka Mpofu,male,0.68,28,adult,ZA,South Africa,0.68,2026-04-27T06:48:20Z
019dcdb2-2c21-7659-8017-35196975b638,Estelle Traoré,female,0.82,59,adult,SL,Sierra Leone,0.2,2026-04-27T06:48:20Z
019dcdb2-2c21-717e-8019-af2518ccf4cd,Théophile Adoula,male,0.93,71,senior,CD,DR Congo,0.64,2026-04-27T06:48:20Z
019dcdb2-2c21-73af-801d-39948792943c,Tadesse Mwangi,male,0.74,10,child,KE,Kenya,0.74,2026-04-27T06:48:20Z
019dcdb2-2c21-7c05-8002-e7d44fa5ab9f,Haile Haile,male,0.87,86,senior,ET,Ethiopia,0.4,2026-04-27T06:48:20Z
019dcdb2-2c21-71ad-8019-fc80f080d1a4,Khaled Filali,male,0.85,87,senior,SD,Sudan,0.37,2026-04-27T06:48:20Z
019dcdb2-2c21-7cc4-800f-55fa1e44e929,Didier Chukwu,male,0.72,32,adult,ML,Mali,0.95,2026-04-27T06:48:20Z
019dcdb2-2c21-7c8d-8019-b0d49ff2a678,Oumou Igwe,female,0.95,55,adult,GN,Guinea,0.84,2026-04-27T06:48:20Z
019dcdb2-2c21-71f0-801e-7fb0485c9f71,Pierre Bomboko,male,0.74,11,child,CD,DR Congo,0.95,2026-04-27T06:48:20Z
019dcdb2-2c21-77b1-800a-15673612362b,Hervé Babatunde,male,0.84,21,adult,SN,Senegal,0.6,2026-04-27T06:48:20Z
019dcdb2-2c21-7f3c-801a-c2b25d592eda,Rokhaya Gbagbo,female,0.65,22,adult,CI,Côte d'Ivoire,0.67,2026-04-27T06:48:20Z
019dcdb2-2c21-706f-8017-747d5ad33c02,Brian Nguyen,male,0.88,49,adult,DE,Germany,0.29,2026-04-27T06:48:20Z
019dcdb2-2c21-7ae4-8005-0ada0f6ff314,Joseph White,male,0.71,58,adult,JP,Japan,0.56,2026-04-27T06:48:20Z
019dcdb2-2c21-7326-8008-44f3d606112b,Yusuf Abebe,male,0.73,16,teenager,TZ,Tanzania,0.84,2026-04-27T06:48:20Z
019dcdb2-2c21-7cbf-801e-4f29df16b483,Parfait Tshisekedi,male,0.74,29,adult,CF,Central African Republic,0.65,2026-04-27T06:48:20Z
019dcdb2-2c21-794b-8014-348571c69f55,Miséricorde Tshisekedi,female,0.92,21,adult,CD,DR Congo,0.45,2026-04-27T06:48:20Z
019dcdb2-2c21-7bf0-801b-fd3f3057741a,Amara Elmi,male,0.87,58,adult,KE,Kenya,0.35,2026-04-27T06:48:20Z
019dcdb2-2c21-7a33-8016-75a373de85f5,Akinyi Omar,female,0.65,63,senior,KE,Kenya,0.56,2026-04-27T06:48:20Z
019dcdb2-2c21-7b7a-8007-1f09bb2164d6,Melissa Hill,female,0.71,24,adult,CN,China,0.22,2026-04-27T06:48:20Z
019dcdb2-2c21-7aa1-8000-0722a4b79d7a,Karen Baker,female,0.7,25,adult,IN,India,0.91,2026-04-27T06:48:20Z
019dcdb2-2c22-7ffa-8014-75c69709f2b2,Aminata Asante,female,0.69,65,senior,SN,Senegal,0.49,2026-04-27T06:48:20Z
019dcdb2-2c22-7994-8018-60d17e79d764,Nompumelelo Khumalo,female,0.9,42,adult,NA,Namibia,0.26,2026-04-27T06:48:20Z
019dcdb2-2c22-7e71-8008-d68358a57f18,Tariq Tazi,male,0.7,9,child,SD,Sudan,0.3,2026-04-27T06:48:20Z
019dcdb2-2c22-77f4-8016-f82ee38ee120,Ghita Hajji,female,0.86,40,adult,EG,Egypt,0.73,2026-04-27T06:48:20Z
019dcdb2-2c22-78b3-800b-e89e58f1e94e,Njeri Masondo,female,0.95,67,senior,MW,Malawi,0.17,2026-04-27T06:48:20Z
019dcdb2-2c22-7f93-8004-d1ca20210828,Ebo Zongo,male,0.72,24,adult,CI,Côte d'Ivoire,0.14,2026-04-27T06:48:20Z
019dcdb2-2c22-78bb-800c-36a4333f0e2c,Anthony Anderson,male,0.86,49,adult,US,United States,0.48,2026-04-27T06:48:20Z
019dcdb2-2c22-7ba1-8017-0ac398f2fc86,Mehdi Benali,male,0.75,9,child,MA,Morocco,0.16,2026-04-27T06:48:20Z
019dcdb2-2c22-7ef5-8000-fceb54354586,Djeneba Zinsou,female,0.69,8,child,GH,Ghana,0.35,2026-04-27T06:48:20Z
019dcdb2-2c22-7ffa-8002-d42cfbbc58d0,Bienvenu Ondimba,male,0.72,14,teenager,CF,Central African Republic,0.56,2026-04-27T06:48:20Z
019dcdb2-2c22-7a52-8018-5d5ddc5ca18f,Nandi Ndlovu,female,0.66,47,adult,MZ,Mozambique,0.56,2026-04-27T06:48:20Z
019dcdb2-2c22-7f31-801d-33f3b6171d28,Getachew Omar,male,0.79,83,senior,KE,Kenya,0.75,2026-04-27T06:48:20Z
019dcdb2-2c22-7266-8017-8a6c5cebfeb5,Théodore Coulibaly,male,0.9,62,senior,GW,Guinea-Bissau,0.86,2026-04-27T06:48:20Z
019dcdb2-2c22-7f43-800d-0549080d3491,Jacques Nkoghe,male,0.89,47,adult,GQ,Equatorial Guinea,0.81,2026-04-27T06:48:20Z
019dcdb2-2c22-7721-801d-e6d17d4e7cda,Susan Harris,female,0.91,35,adult,IN,India,0.47,2026-04-27T06:48:20Z
019dcdb2-2c22-7faf-8010-1e5d2531dd09,Nour Khalil,female,0.72,49,adult,SD,Sudan,0.29,2026-04-27T06:48:20Z
019dcdb2-2c22-768b-8018-a34d8b543ed9,Youssef Alaoui,male,0.95,30,adult,EG,Egypt,0.88,2026-04-27T06:48:20Z
019dcdb2-2c22-7133-8006-8820b89bc87b,Nadia Lamrani,female,0.91,30,adult,EG,Egypt,0.48,2026-04-27T06:48:20Z
019dcdb2-2c22-73bf-8004-2b880bbae99c,Kadiatou Adomou,female,0.86,39,adult,SN,Senegal,0.47,2026-04-27T06:48:20Z
019dcdb2-2c22-718c-8015-e6f8a5a9806d,Blessing Lokossou,female,0.92,72,senior,NG,Nigeria,0.54,2026-04-27T06:48:20Z
019dcdb2-2c22-730d-8008-d840b64b1f99,Tsitsi Ndlovu,female,0.84,39,adult,SZ,Eswatini,0.53,2026-04-27T06:48:20Z
019dcdb2-2c22-739b-8010-0d5a3fc4c157,Honorine Osei,female,0.78,41,adult,GH,Ghana,0.69,2026-04-27T06:48:20Z
019dcdb2-2c22-7642-8016-4d55958a6e33,Dele Camara,male,0.9,22,adult,GH,Ghana,0.79,2026-04-27T06:48:20Z
019dcdb2-2c22-7205-8005-e3d12f4878ca,Rakiya Abebe,female,0.76,21,adult,RW,Rwanda,0.56,2026-04-27T06:48:20Z
019dcdb2-2c22-76c3-8006-1ca51cee20ba,Richard Dossou,male,0.67,56,adult,GH,Ghana,0.59,2026-04-27T06:48:20Z
019dcdb2-2c22-7aed-8009-fbd2747982e4,Richard Evans,male,0.9,62,senior,FR,France,0.86,2026-04-27T06:48:20Z
019dcdb2-2c22-71f5-8002-6ed150ff4ea5,Fanta Segla,female,0.74,69,senior,SN,Senegal,0.16,2026-04-27T06:48:20Z
019dcdb2-2c22-703c-8004-5cb44c979027,Wangari Shabalala,female,0.8,29,adult,MZ,Mozambique,0.58,2026-04-27T06:48:20Z
019dcdb2-2c22-76a9-8018-51c9e2bf2c70,Tsitsi Khumalo,female,0.79,49,adult,ZA,South Africa,0.72,2026-04-27T06:48:20Z
019dcdb2-2c22-78e0-8019-7cc4a1df348d,Ali Odhiambo,male,0.81,66,senior,MG,Madagascar,0.53,2026-04-27T06:48:20Z
019dcdb2-2dcd-75a6-800f-e0aef8059ecf,Ifeoma Amoah,female,0.92,20,adult,NG,Nigeria,0.92,2026-04-27T06:48:21Z
019dcdb2-2dcd-7e07-800a-cf38327df808,Kobina Konaté,male,0.66,18,teenager,NE,Niger,0.84,2026-04-27T06:48:21Z
019dcdb2-2dcd-729c-8012-d3743a485329,Desta Ouma,male,0.94,33,adult,ET,Ethiopia,0.45,2026-04-27T06:48:21Z
019dcdb2-2dcd-7df7-800f-03ac8c43ef72,Barbara Taylor,female,0.71,53,adult,US,United States,0.13,2026-04-27T06:48:21Z
019dcdb2-2dcd-79e3-8016-7ce25571b4e2,Sadiya Hassan,female,0.95,24,adult,KE,Kenya,0.85,2026-04-27T06:48:21Z
019dcdb2-2dcd-776b-8000-de1a30ea7e49,Estelle Olawale,female,0.8,52,adult,CI,Côte d'Ivoire,0.44,2026-04-27T06:48:21Z
019dcdb2-2dcd-7ce0-8008-18bb220bcc6a,Njoroge Ouma,male,0.67,46,adult,RW,Rwanda,0.55,2026-04-27T06:48:21Z
019dcdb2-2dcd-711d-8018-14e724609a65,Othmane Saidi,male,0.69,64,senior,MA,Morocco,0.33,2026-04-27T06:48:21Z
019dcdb2-2dcd-70a0-800c-22736aecee23,Wanjiru Desta,female,0.92,22,adult,UG,Uganda,0.36,2026-04-27T06:48:21Z
019dcdb2-2dcd-7cae-8014-5964024d59f1,Nomsa Moyo,female,0.7,48,adult,ZA,South Africa,0.83,2026-04-27T06:48:21Z
019dcdb2-2dcd-76d1-8015-833f98f3d9ca,Mark White,male,0.79,25,adult,US,United States,0.83,2026-04-27T06:48:21Z
019dcdb2-2dcd-7810-8015-bc31a03be9f7,Hicham Tazi,male,0.65,40,adult,MA,Morocco,0.34,2026-04-27T06:48:21Z
019dcdb2-2dcd-7a36-8019-39c4b1d175be,Lina Bennani,female,0.66,34,adult,TN,Tunisia,0.82,2026-04-27T06:48:21Z
019dcdb2-2dcd-7edb-8004-98de4030182d,Sharon Miller,female,0.78,75,senior,CA,Canada,0.39,2026-04-27T06:48:21Z
019dcdb2-2dcd-724e-8001-3a8b827eb3f4,Sipho Mengistu,male,0.73,5,child,TZ,Tanzania,0.15,2026-04-27T06:48:21Z
019dcdb2-2dce-70ba-801b-2726b6d27033,Desta Shabalala,male,0.86,42,adult,UG,Uganda,0.92,2026-04-27T06:48:21Z
019dcdb2-2dce-74f7-8004-fb876c676d36,Wairimu Alemu,female,0.99,13,teenager,MZ,Mozambique,0.27,2026-04-27T06:48:21Z
019dcdb2-2dce-702d-8008-6cc3d99beffe,Innocent Lumumba,male,0.78,28,adult,CD,DR Congo,0.6,2026-04-27T06:48:21Z
019dcdb2-2dce-7766-8012-36702929e35e,Mpho Mpofu,male,0.95,61,senior,ZA,South Africa,0.8,2026-04-27T06:48:21Z
019dcdb2-2dce-7285-801f-01f31078e129,Maame Igwe,female,0.76,53,adult,BJ,Benin,0.75,2026-04-27T06:48:21Z
019dcdb2-2dce-76b7-8015-e159cf1f380a,Thomas Wright,male,0.85,75,senior,IN,India,0.35,2026-04-27T06:48:21Z
019dcdb2-2dce-71db-8002-358ea8c75073,Mpho Tshuma,male,0.77,43,adult,NA,Namibia,0.92,2026-04-27T06:48:21Z
019dcdb2-2dce-7de8-801a-142f47e58e5b,André Kalonji,male,0.73,36,adult,CM,Cameroon,0.24,2026-04-27T06:48:21Z
019dcdb2-2dce-782b-800f-64a5ca4eca95,Mark Miller,male,0.83,25,adult,AU,Australia,0.87,2026-04-27T06:48:21Z
019dcdb2-2dce-73ef-800e-a5fdcc3dbd56,Ebo Gbessi,male,0.66,52,adult,NG,Nigeria,0.86,2026-04-27T06:48:21Z
019dcdb2-2dce-7747-8006-560a4cc62f2b,Espérance Tshisekedi,female,0.68,33,adult,CM,Cameroon,0.13,2026-04-27T06:48:21Z
019dcdb2-2dce-77c9-801b-fc33a473bc0d,Grâce Bongo,female,0.86,58,adult,CM,Cameroon,0.56,2026-04-27T06:48:21Z
019dcdb2-2dce-774c-8008-6ba1fa1af3b5,Ngozi Olawale,female,0.66,21,adult,LR,Liberia,0.77,2026-04-27T06:48:21Z
019dcdb2-2dce-781b-801b-03aec6bfe775,Zakaria Tahir,male,0.71,12,child,SD,Sudan,0.15,2026-04-27T06:48:21Z
019dcdb2-2dce-7b51-8003-e74ddc80bd6d,Amine Bennani,male,0.93,27,adult,SD,Sudan,0.29,2026-04-27T06:48:21Z
019dcdb2-2dce-7176-801f-8ab23d01fa95,Michael Babatunde,male,0.79,20,adult,SN,Senegal,0.63,2026-04-27T06:48:21Z
019dcdb2-2dce-7872-800c-788c462f87a6,Mark Tchalla,male,0.99,20,adult,ML,Mali,0.32,2026-04-27T06:48:21Z
019dcdb2-2dce-7733-8004-d44e21a05390,Nana Dao,male,0.72,33,adult,ML,Mali,0.69,2026-04-27T06:48:21Z
019dcdb2-2dce-7556-8012-6e5bf82fedce,Halima Ali,female,0.83,64,senior,TZ,Tanzania,0.91,2026-04-27T06:48:21Z
019dcdb2-2dce-7dd1-801a-87bba6992375,Bayo Dossou,male,0.76,40,adult,GH,Ghana,0.87,2026-04-27T06:48:21Z
019dcdb2-2dce-7145-801b-cbc6878f9540,Tsitsi Nkomo,female,0.67,43,adult,ZA,South Africa,0.61,2026-04-27T06:48:21Z
019dcdb2-2dce-7464-800e-c1c23b8565b8,Araba Okafor,female,0.67,44,adult,GW,Guinea-Bissau,0.78,2026-04-27T06:48:21Z
019dcdb2-2dce-7ae5-8015-76911cf96680,Tebogo Tshuma,male,0.98,83,senior,SZ,Eswatini,0.3,2026-04-27T06:48:21Z
019dcdb2-2dce-7744-8002-ac2af2a6019b,Ali Jama,male,0.74,62,senior,MZ,Mozambique,0.32,2026-04-27T06:48:21Z
019dcdb2-2dce-7887-800f-8ac6386c7fd4,Selamawit Haile,female,0.73,32,adult,KE,Kenya,0.37,2026-04-27T06:48:21Z
019dcdb2-2dce-787a-800e-42fca27d04f8,Ali Waweru,male,0.78,28,adult,KE,Kenya,0.24,2026-04-27T06:48:21Z
019dcdb2-2dce-79d9-8018-05710be8ce1e,Thandiwe Sibanda,female,0.94,8,child,NA,Namibia,0.4,2026-04-27T06:48:21Z
019dcdb2-2dce-78ff-801b-b47fa49d5044,George Davis,male,0.97,41,adult,CA,Canada,0.25,2026-04-27T06:48:21Z
019dcdb2-2dce-7294-801b-fcbc4ac00b7e,William Adams,male,0.94,26,adult,US,United States,0.27,2026-04-27T06:48:21Z
019dcdb2-2dce-7bdd-800f-ecef87577471,Kimberly Wright,female,0.65,42,adult,AU,Australia,0.4,2026-04-27T06:48:21Z
019dcdb2-2dce-74fb-8013-c47deba1608e,Tebogo Cele,male,0.85,84,senior,ST,São Tomé and Príncipe,0.23,2026-04-27T06:48:21Z
019dcdb2-2dce-72e0-8003-669e6ac71ef9,Wanja Tadesse,female,0.93,50,adult,KE,Kenya,0.36,2026-04-27T06:48:21Z
019dcdb2-2dce-7436-8007-776658f8b8cf,Kobina Keïta,male,0.68,25,adult,BJ,Benin,0.38,2026-04-27T06:48:21Z
019dcdb2-2dce-76cb-800b-6fe8c31ed45a,Chipo Ndlovu,female,0.73,48,adult,ZA,South Africa,0.49,2026-04-27T06:48:21Z
019dcdb2-2dce-7eb2-8010-d5120dbb26f4,James Jones,male,0.85,47,adult,IN,India,0.69,2026-04-27T06:48:21Z
019dcdb2-2dce-7ab7-800a-f9481e867d74,Fatoumata Amoah,female,0.69,25,adult,ML,Mali,0.53,2026-04-27T06:48:21Z
019dcdb2-2dce-7483-8016-b8cdaa8c07c7,Rachid Amrani,male,0.88,62,senior,SD,Sudan,0.42,2026-04-27T06:48:21Z
019dcdb2-2dce-7435-801c-cac984337b54,Dorothy Thompson,female,0.74,20,adult,GB,United Kingdom,0.23,2026-04-27T06:48:21Z
019dcdb2-2dce-7e70-8017-2fd76e0c46d1,Lerato Ncube,male,0.91,74,senior,ZM,Zambia,0.78,2026-04-27T06:48:21Z
019dcdb2-2dce-7be9-8006-20f8cdb6dd46,Akinyi Tesfaye,female,0.98,51,adult,KE,Kenya,0.92,2026-04-27T06:48:21Z
019dcdb2-2dce-79df-8012-4a0ccfab679a,Waweru Cele,male,0.67,26,adult,ET,Ethiopia,0.39,2026-04-27T06:48:21Z
019dcdb2-2dce-7af1-801c-debbf6e35d06,Themba Nkosi,male,0.69,55,adult,ZA,South Africa,0.1,2026-04-27T06:48:21Z
019dcdb2-2dce-7fe1-8009-d69255992d07,Sizwe Dube,male,0.89,71,senior,ST,São Tomé and Príncipe,0.84,2026-04-27T06:48:21Z
019dcdb2-2dce-7e19-8008-3244bba1b097,Théophile Kasavubu,male,0.74,17,teenager,CD,DR Congo,0.41,2026-04-27T06:48:21Z
019dcdb2-2dce-72f0-8002-40539f2657de,Walid Khatib,male,0.94,50,adult,MA,Morocco,0.84,2026-04-27T06:48:21Z
019dcdb2-2dce-7062-801a-4e94b194bcc3,Hyacinthe Mobutu,male,0.81,43,adult,CM,Cameroon,0.52,2026-04-27T06:48:21Z
019dcdb2-2dce-7b2f-800e-dcb485e53cfd,Awino Haile,female,0.86,52,adult,DJ,Djibouti,0.92,2026-04-27T06:48:21Z
019dcdb2-2dce-76ee-801a-9c34f33ac0be,Walid Bouazza,male,0.75,11,child,SD,Sudan,0.51,2026-04-27T06:48:21Z
019dcdb2-2dce-75e2-8018-ac3553ec7feb,Adwoa Compaoré,female,0.84,18,teenager,NG,Nigeria,0.26,2026-04-27T06:48:21Z
019dcdb2-2dce-7eb5-801f-d8b3be0eaddc,Njeri Hassan,female,0.96,40,adult,SC,Seychelles,0.75,2026-04-27T06:48:21Z
019dcdb2-2dce-7db8-8007-5a3f47e13db2,Ekow Zinsou,male,0.67,40,adult,NE,Niger,0.25,2026-04-27T06:48:21Z
019dcdb2-2dce-7e2d-8004-da10bfb79f7d,Auxilia Nyoni,female,0.81,26,adult,ST,São Tomé and Príncipe,0.33,2026-04-27T06:48:21Z
019dcdb2-2dce-787a-800f-7f69f6a14913,Hicham Kettani,male,0.82,43,adult,MA,Morocco,0.92,2026-04-27T06:48:21Z
019dcdb2-2dce-7db5-800b-152fbe03459a,Farai Nxumalo,male,0.71,22,adult,ZA,South Africa,0.57,2026-04-27T06:48:21Z
019dcdb2-2dce-7867-8011-0dbb9591f417,Zulai Ouma,female,0.66,7,child,MZ,Mozambique,0.43,2026-04-27T06:48:21Z
019dcdb2-2dce-7439-801e-e92e8f21626d,Anne Kabila,female,0.87,35,adult,CM,Cameroon,0.84,2026-04-27T06:48:21Z
019dcdb2-2dce-7801-8017-4235335f7006,Sharon Perez,female,0.98,22,adult,JP,Japan,0.87,2026-04-27T06:48:21Z
019dcdb2-2dce-75a0-800f-aa336754161c,Wangari Elmi,female,0.92,31,adult,SC,Seychelles,0.69,2026-04-27T06:48:21Z
019dcdb2-2dce-7200-800a-817bc25792e0,Abdi Mthembu,male,0.67,50,adult,MZ,Mozambique,0.52,2026-04-27T06:48:21Z
019dcdb2-2dce-7af7-8001-5ebd3c6003f4,Lina Hajji,female,0.67,84,senior,MA,Morocco,0.7,2026-04-27T06:48:21Z
019dcdb2-2dce-711e-800c-0f961ed91f7c,Nompumelelo Ndlovu,female,0.89,6,child,ZA,South Africa,0.68,2026-04-27T06:48:21Z
019dcdb2-2dce-7077-800c-df09007f5165,Jeanne Mba,female,0.87,47,adult,GQ,Equatorial Guinea,0.86,2026-04-27T06:48:21Z
019dcdb2-2dce-70ba-800d-97320078fd9d,Laila Filali,female,0.91,10,child,SD,Sudan,0.82,2026-04-27T06:48:21Z
019dcdb2-2dce-7a59-8007-6d0e3c9d6130,Nyambura Ahmed,female,0.79,49,adult,MZ,Mozambique,0.14,2026-04-27T06:48:21Z
019dcdb2-2dce-72ee-801b-dd8832dd2df4,Nomsa Ndlovu,female,0.79,62,senior,AO,Angola,0.39,2026-04-27T06:48:21Z
019dcdb2-2dce-7bea-8007-f08357f1c86d,Chisom Adomou,female,0.66,41,adult,CI,Côte d'Ivoire,0.41,2026-04-27T06:48:21Z
019dcdb2-2dce-7929-8007-74eaa5af0ec6,Nandi Abebe,female,0.86,57,adult,UG,Uganda,0.77,2026-04-27T06:48:21Z
019dcdb2-2dce-7eb1-8019-a3b58764ddfa,Tigist Ndlovu,female,0.66,32,adult,ET,Ethiopia,0.4,2026-04-27T06:48:21Z
019dcdb2-2dce-79ad-800c-83640cf9f73e,Nomsa Nxumalo,female,0.84,10,child,NA,Namibia,0.33,2026-04-27T06:48:21Z
019dcdb2-2dce-782b-8012-41ec9d2ae5c0,Matthew Williams,male,0.78,87,senior,FR,France,0.92,2026-04-27T06:48:21Z
019dcdb2-2dce-70c9-8006-a17c6ae6d832,Honorine Lokossou,female,0.78,6,child,GH,Ghana,0.15,2026-04-27T06:48:21Z
019dcdb2-2dce-794d-801c-6fee90aa3090,Maame Compaoré,female,0.79,87,senior,CI,Côte d'Ivoire,0.29,2026-04-27T06:48:21Z
019dcdb2-2dce-7a98-8017-b849fdcbd9e1,Tatenda Khumalo,male,0.82,33,adult,LS,Lesotho,0.39,2026-04-27T06:48:21Z
019dcdb2-2dce-76af-8013-09a893dce501,Araba Kponton,female,0.73,46,adult,GH,Ghana,0.42,2026-04-27T06:48:21Z
019dcdb2-2dce-7ccb-800c-facc0cd4ad3c,Hicham Saidi,male,0.69,21,adult,LY,Libya,0.55,2026-04-27T06:48:21Z
019dcdb2-2dce-72d9-8000-9c5353a85e36,Abdou Hounsou,male,0.71,36,adult,GH,Ghana,0.7,2026-04-27T06:48:21Z
019dcdb2-2dce-763f-800e-b194855a0b90,Sizwe Dlamini,male,0.88,8,child,UG,Uganda,0.83,2026-04-27T06:48:21Z
019dcdb2-2dce-79ec-8019-28430887bb3d,Esi Eze,female,0.69,6,child,SN,Senegal,0.5,2026-04-27T06:48:21Z
019dcdb2-2dce-77ec-8009-235fbfa4418b,Sadiya Khumalo,female,0.95,23,adult,MZ,Mozambique,0.34,2026-04-27T06:48:21Z
019dcdb2-2dce-72ce-801a-2fb3ed205b14,Fortuné Kabila,male,0.82,78,senior,CM,Cameroon,0.27,2026-04-27T06:48:21Z
019dcdb2-2dce-719d-801a-6cf6c6f1912f,Aminata Compaoré,female,0.87,41,adult,GH,Ghana,0.4,2026-04-27T06:48:21Z
019dcdb2-2dcf-7a48-8019-8921dfa8c449,Zineb Benali,female,0.69,46,adult,DZ,Algeria,0.59,2026-04-27T06:48:21Z
019dcdb2-2dcf-7555-8015-11a1cc674d9d,Bienvenu Lumumba,male,0.71,53,adult,CD,DR Congo,0.77,2026-04-27T06:48:21Z
019dcdb2-2dcf-726f-8004-07312b90396e,Ifeoma Eze,female,0.85,46,adult,CI,Côte d'Ivoire,0.89,2026-04-27T06:48:21Z
019dcdb2-2dcf-7bb5-801e-2948da8b2dda,Charles Parker,male,0.95,35,adult,FR,France,0.77,2026-04-27T06:48:21Z
019dcdb2-2fd3-7938-8011-86a7fbba977b,Amina Adhiambo,female,0.86,10,child,KE,Kenya,0.74,2026-04-27T06:48:21Z
019dcdb2-2fd3-7f83-801a-2a9be9483856,Estelle Agbodji,female,0.65,65,senior,SN,Senegal,0.87,2026-04-27T06:48:21Z
019dcdb2-2fd3-722d-8001-27613eaedd57,Thomas Harris,male,0.88,26,adult,GB,United Kingdom,0.9,2026-04-27T06:48:21Z
019dcdb2-2fd3-7f26-800f-7980e02133b6,Thandeka Girma,female,0.68,47,adult,ET,Ethiopia,0.46,2026-04-27T06:48:21Z
019dcdb2-2fd3-71a7-8004-440d50e6329d,Lamine Zinsou,male,0.95,38,adult,ML,Mali,0.7,2026-04-27T06:48:21Z
019dcdb2-2fd3-78d1-8003-bdc6ecb4694c,Kola Babatunde,male,0.84,49,adult,TG,Togo,0.28,2026-04-27T06:48:21Z
019dcdb2-2fd3-7241-800b-96319952b18b,Sarah Adams,female,0.71,26,adult,CA,Canada,0.26,2026-04-27T06:48:21Z
019dcdb2-2fd3-7119-8011-c99b70dad7c1,Tesfaye Ndlovu,male,0.82,59,adult,RW,Rwanda,0.81,2026-04-27T06:48:21Z
019dcdb2-2fd3-73bc-800c-690575b53367,Amira Amrani,female,0.85,78,senior,LY,Libya,0.35,2026-04-27T06:48:21Z
019dcdb2-2fd3-7a9d-8010-ae8993f746ea,Kariuki Masondo,male,0.77,41,adult,KE,Kenya,0.48,2026-04-27T06:48:21Z
019dcdb2-2fd3-7c66-800d-3128caa351aa,Ama Agyei,male,0.82,5,child,NG,Nigeria,0.91,2026-04-27T06:48:21Z
019dcdb2-2fd3-70ff-800c-39d201eed007,Kevin Martin,male,0.71,17,teenager,GB,United Kingdom,0.85,2026-04-27T06:48:21Z
019dcdb2-2fd3-70a8-8015-bec2b1adfab9,Hicham Berrada,male,0.98,34,adult,EG,Egypt,0.38,2026-04-27T06:48:21Z
019dcdb2-2fd3-7dd9-8006-699310c49b78,Tadesse Hassan,male,0.9,33,adult,ER,Eritrea,0.3,2026-04-27T06:48:21Z
019dcdb2-2fd3-7a97-800d-58aefc023b28,Lerato Dlamini,male,0.87,81,senior,AO,Angola,0.84,2026-04-27T06:48:21Z
019dcdb2-2fd3-78d4-801d-7ac38317539f,Didier Nikiéma,male,0.72,69,senior,BJ,Benin,0.94,2026-04-27T06:48:21Z
019dcdb2-2fd3-776c-8012-55c183eb162d,Moussa Ouédraogo,male,0.98,88,senior,TG,Togo,0.27,2026-04-27T06:48:21Z
019dcdb2-2fd3-748c-8006-0c913a861fee,Yusuf Abdi,male,0.73,49,adult,UG,Uganda,0.9,2026-04-27T06:48:21Z
019dcdb2-2fd3-7a54-8002-6b2c619a7d73,Rania Khalil,female,0.85,57,adult,EG,Egypt,0.78,2026-04-27T06:48:21Z
019dcdb2-2fd3-7ab3-801d-6c91d4df37ec,Paul Harris,male,0.93,48,adult,US,United States,0.24,2026-04-27T06:48:21Z
019dcdb2-2fd3-767a-801c-4414dbba3391,Sizwe Sibanda,male,0.82,54,adult,ZA,South Africa,0.58,2026-04-27T06:48:21Z
019dcdb2-2fd3-70a1-800d-c3ac6189f533,Esi Chukwu,female,0.86,8,child,SL,Sierra Leone,0.45,2026-04-27T06:48:21Z
019dcdb2-2fd3-7efb-801a-0922547ad793,Jean Mukendi,male,0.96,29,adult,CG,Republic of the Congo,0.33,2026-04-27T06:48:21Z
019dcdb2-2fd3-7ffa-8007-0b0b45e86132,Sizwe Mnguni,male,0.91,49,adult,ET,Ethiopia,0.55,2026-04-27T06:48:21Z
019dcdb2-2fd3-760e-8001-591e149e71e0,Odhiambo Elmi,male,0.97,45,adult,UG,Uganda,0.28,2026-04-27T06:48:21Z
019dcdb2-2fd3-7435-8014-c4ec7be31dfa,Youssef Benali,male,0.85,27,adult,TN,Tunisia,0.41,2026-04-27T06:48:21Z
019dcdb2-2fd3-7372-8001-673d668b83f1,Adjoua Adjei,female,0.67,11,child,GH,Ghana,0.68,2026-04-27T06:48:21Z
019dcdb2-2fd3-7ad5-801d-b2d212fc76e5,Abena Afolabi,female,0.69,57,adult,NG,Nigeria,0.7,2026-04-27T06:48:21Z
019dcdb2-2fd3-735b-800e-c3f7f46dfe1a,Wairimu Mohamed,female,0.88,22,adult,DJ,Djibouti,0.37,2026-04-27T06:48:21Z
019dcdb2-2fd3-7de2-8013-ebcf8ddeb9b3,Omar Saidi,male,0.98,27,adult,EG,Egypt,0.46,2026-04-27T06:48:21Z
019dcdb2-2fd3-7e15-800e-24a8c3c45b83,Ebo Sidibé,male,0.72,48,adult,BJ,Benin,0.21,2026-04-27T06:48:21Z
019dcdb2-2fd4-7b2a-8012-7d83941ff1c6,Bongani Ndlovu,male,0.73,46,adult,AO,Angola,0.63,2026-04-27T06:48:21Z
019dcdb2-2fd4-753c-8008-b02ba168c5d1,Rania Bouazza,female,0.95,29,adult,MA,Morocco,0.27,2026-04-27T06:48:21Z
019dcdb2-2fd4-75c2-8010-5238a6cdce1a,Ahmed Adhiambo,male,0.91,17,teenager,ER,Eritrea,0.4,2026-04-27T06:48:21Z
019dcdb2-2fd4-7d2a-8004-47dbdc8753fa,Wairimu Cele,female,0.79,6,child,SS,South Sudan,0.21,2026-04-27T06:48:21Z
019dcdb2-2fd4-78a9-8008-b32e7b411868,Kagiso Dlamini,male,0.98,31,adult,TZ,Tanzania,0.65,2026-04-27T06:48:21Z
019dcdb2-2fd4-71d0-8014-95d87f0f9d71,Sizwe Otieno,male,0.88,26,adult,RW,Rwanda,0.59,2026-04-27T06:48:21Z
019dcdb2-2fd4-763a-8008-182ae1f7f834,Astou Ouédraogo,female,0.67,29,adult,GH,Ghana,0.39,2026-04-27T06:48:21Z
019dcdb2-2fd4-7584-801f-ecc2f9fb7c98,Serge Lokossou,male,0.87,20,adult,BJ,Benin,0.37,2026-04-27T06:48:21Z
019dcdb2-2fd4-7528-801d-b5131010f610,Zodwa Mpofu,female,0.83,47,adult,AO,Angola,0.42,2026-04-27T06:48:21Z
019dcdb2-2fd4-7807-8005-012f514844af,Richard Barro,male,0.77,58,adult,NG,Nigeria,0.91,2026-04-27T06:48:21Z
019dcdb2-2fd4-71c5-800c-494cd586df57,Melissa Wright,female,0.87,27,adult,US,United States,0.45,2026-04-27T06:48:21Z
019dcdb2-2fd4-7a50-800d-f9fb6a24baf2,Oumou Amoah,female,0.77,51,adult,LR,Liberia,0.69,2026-04-27T06:48:21Z
019dcdb2-2fd4-7f3c-8015-f86c8cf7965c,Paul Barro,male,0.7,67,senior,SN,Senegal,0.63,2026-04-27T06:48:21Z
019dcdb2-2fd4-79e2-8007-f3c5839c1a4a,Grâce Mboumba,female,0.82,75,senior,CF,Central African Republic,0.78,2026-04-27T06:48:21Z
019dcdb2-2fd4-7522-800c-436783ec41c8,Abena Hounsou,female,0.71,23,adult,LR,Liberia,0.6,2026-04-27T06:48:21Z
019dcdb2-2fd4-7211-800f-0f9e8edcf570,Joseph Taylor,male,0.94,14,teenager,GB,United Kingdom,0.86,2026-04-27T06:48:21Z
019dcdb2-2fd4-7b66-800f-d8e7ec331177,Assata Mensah,female,0.72,59,adult,NG,Nigeria,0.65,2026-04-27T06:48:21Z
019dcdb2-2fd4-72b9-800d-aadbce028a1b,Khaled Khatib,male,0.99,5,child,SD,Sudan,0.69,2026-04-27T06:48:21Z
019dcdb2-2fd4-711a-8009-7018cddf7a31,Anthony Martin,male,0.68,20,adult,FR,France,0.16,2026-04-27T06:48:21Z
019dcdb2-2fd4-7603-8002-60bbce2cae69,Jennifer Brown,female,0.86,32,adult,AU,Australia,0.34,2026-04-27T06:48:21Z
019dcdb2-2fd4-7434-800d-03464e13b895,Tatenda Masondo,male,0.91,65,senior,AO,Angola,0.42,2026-04-27T06:48:21Z
019dcdb2-2fd4-7f1e-8017-d11009da0150,Michelle King,female,0.99,24,adult,BR,Brazil,0.66,2026-04-27T06:48:21Z
019dcdb2-2fd4-7742-8018-829383ade459,Zodwa Tadesse,female,0.74,88,senior,ET,Ethiopia,0.2,2026-04-27T06:48:21Z
019dcdb2-2fd4-7439-8008-46e2f16080ed,Louis Nkoghe,male,0.7,28,adult,CF,Central African Republic,0.59,2026-04-27T06:48:21Z
019dcdb2-2fd4-7d51-8018-f3055423404e,Melissa Flores,female,0.95,70,senior,GB,United Kingdom,0.72,2026-04-27T06:48:21Z
019dcdb2-2fd4-70c1-8019-9cbc01da3354,Desta Getachew,male,0.82,58,adult,TZ,Tanzania,0.58,2026-04-27T06:48:21Z
019dcdb2-2fd4-763f-8014-7f8a03388730,Sipho Adhiambo,male,0.72,33,adult,KE,Kenya,0.91,2026-04-27T06:48:21Z
019dcdb2-2fd4-71ee-801c-11a21767c1e3,Thabo Mhlanga,male,0.74,29,adult,ZA,South Africa,0.17,2026-04-27T06:48:21Z
019dcdb2-2fd4-7b08-8002-cf891199dca1,Zanele Tadesse,female,0.92,47,adult,RW,Rwanda,0.78,2026-04-27T06:48:21Z
019dcdb2-2fd4-79e1-8000-93870ad6d91d,Emily Williams,female,0.72,90,senior,GB,United Kingdom,0.56,2026-04-27T06:48:21Z
019dcdb2-2fd4-78cf-801d-a4d2992f6c16,Araba Mensah,female,0.89,42,adult,CI,Côte d'Ivoire,0.6,2026-04-27T06:48:21Z
019dcdb2-2fd4-7a0d-800c-a8590a20b373,Jeanne Adoula,female,0.73,28,adult,CM,Cameroon,0.7,2026-04-27T06:48:21Z
019dcdb2-2fd4-7f8f-8010-8706461d7bff,Aster Shabalala,female,0.91,47,adult,ET,Ethiopia,0.38,2026-04-27T06:48:21Z
019dcdb2-2fd4-7f40-800c-a32f454ecac8,Tunde Barro,male,0.79,84,senior,NG,Nigeria,0.47,2026-04-27T06:48:21Z
019dcdb2-2fd4-79ab-8017-30e411963cdd,Lamine Kponton,male,0.83,52,adult,NG,Nigeria,0.45,2026-04-27T06:48:21Z
019dcdb2-2fd4-773d-8010-d85f13283de5,Thandiwe Mnguni,female,0.83,59,adult,SZ,Eswatini,0.12,2026-04-27T06:48:21Z
019dcdb2-2fd4-764c-800e-965765adc762,Lamine Adomou,male,0.79,80,senior,BJ,Benin,0.9,2026-04-27T06:48:21Z
019dcdb2-2fd4-78d5-8011-e6d4ddb8368b,Mohamed Bouazza,male,0.86,57,adult,TN,Tunisia,0.45,2026-04-27T06:48:21Z
019dcdb2-2fd4-736d-8002-9e116b474cc8,Abdou Dossou,male,0.89,24,adult,ML,Mali,0.56,2026-04-27T06:48:21Z
019dcdb2-2fd4-731a-8014-0d06614a41b5,Amira Tazi,female,0.89,59,adult,EG,Egypt,0.31,2026-04-27T06:48:21Z
019dcdb2-2fd4-708e-8017-8ef2453e0b14,Femi Sawadogo,male,0.77,39,adult,GN,Guinea,0.13,2026-04-27T06:48:21Z
019dcdb2-2fd4-7fc7-8006-f4885dd69b84,Chérie Nze,female,0.91,7,child,TD,Chad,0.91,2026-04-27T06:48:21Z
019dcdb2-2fd4-75ca-801b-07022cccd3cc,Kamau Cele,male,0.88,57,adult,ET,Ethiopia,0.84,2026-04-27T06:48:21Z
019dcdb2-2fd4-7ed7-8009-18621f610c74,Maame Sow,female,0.98,15,teenager,GW,Guinea-Bissau,0.28,2026-04-27T06:48:21Z
019dcdb2-2fd4-7db4-801b-e574932f0bd7,Amanda Garcia,female,0.74,39,adult,US,United States,0.36,2026-04-27T06:48:21Z
019dcdb2-2fd4-75d5-8009-5e14322fe2a1,Aster Desta,female,0.68,28,adult,MZ,Mozambique,0.32,2026-04-27T06:48:21Z
019dcdb2-2fd4-721a-801f-11a164f4a85e,Tinashe Dube,male,0.86,36,adult,SZ,Eswatini,0.83,2026-04-27T06:48:21Z
019dcdb2-2fd4-7f7e-800c-039fdbdf9209,Rudo Moyo,female,0.86,45,adult,ZM,Zambia,0.87,2026-04-27T06:48:21Z
019dcdb2-2fd4-75f0-8017-f520e02cd174,Lamine Afolabi,male,0.87,43,adult,GH,Ghana,0.74,2026-04-27T06:48:21Z
019dcdb2-2fd4-7668-8004-ca67ffdddcdd,Nancy Thomas,female,0.88,5,child,IN,India,0.46,2026-04-27T06:48:21Z
019dcdb2-2fd4-73f0-8002-521d82f4896d,Yeshi Shabalala,female,0.97,22,adult,SS,South Sudan,0.35,2026-04-27T06:48:21Z
019dcdb2-2fd4-790e-8007-0dea6e84f3bf,Fanta Mensah,female,0.71,48,adult,EH,Western Sahara,0.71,2026-04-27T06:48:21Z
019dcdb2-2fd4-7ba1-8012-985645a1f49b,Ali Mnguni,male,0.82,7,child,KE,Kenya,0.49,2026-04-27T06:48:21Z
019dcdb2-2fd4-78a4-800b-f2c210477b1f,Paul Wright,male,0.75,30,adult,CN,China,0.75,2026-04-27T06:48:21Z
019dcdb2-2fd4-76cc-800d-dad2d763943e,Femi Hounsou,male,0.74,36,adult,BJ,Benin,0.9,2026-04-27T06:48:21Z
019dcdb2-2fd4-78c8-800c-b554a1fb56e9,Sadiya Ouma,female,0.8,26,adult,ER,Eritrea,0.53,2026-04-27T06:48:21Z
019dcdb2-2fd4-70f6-800c-11b5c291476b,Edward Nguyen,male,0.83,25,adult,US,United States,0.67,2026-04-27T06:48:21Z
019dcdb2-2fd4-718f-800c-8bbb470b2f3e,Farah Tesfaye,male,0.78,55,adult,KE,Kenya,0.45,2026-04-27T06:48:21Z
019dcdb2-2fd5-77df-801e-57a3fa38fdb6,Mariama Asante,female,0.79,28,adult,BJ,Benin,0.45,2026-04-27T06:48:21Z
019dcdb2-2fd5-76a8-8007-d48c69a50053,Bilkisu Nkosi,female,0.68,59,adult,SS,South Sudan,0.43,2026-04-27T06:48:21Z
019dcdb2-2fd5-7f20-8012-428c97aa1936,Hauwa Ouma,female,0.98,15,teenager,RW,Rwanda,0.13,2026-04-27T06:48:21Z
019dcdb2-2fd5-726a-8013-a7621b41c4eb,Rim Khalil,female,0.72,22,adult,TN,Tunisia,0.82,2026-04-27T06:48:21Z
019dcdb2-2fd5-7b2b-8018-7470fb1630af,Charles Green,male,0.68,32,adult,IN,India,0.61,2026-04-27T06:48:21Z
019dcdb2-2fd5-7063-8019-ee6d82bab2fa,Ngozi Okafor,female,0.91,41,adult,NG,Nigeria,0.8,2026-04-27T06:48:21Z
019dcdb2-2fd5-7985-8011-4f13375bc5a7,Aimée Bomboko,female,0.86,70,senior,CM,Cameroon,0.82,2026-04-27T06:48:21Z
019dcdb2-2fd5-7222-8003-6ad1ecc0f426,Peace Asante,female,0.87,38,adult,NG,Nigeria,0.29,2026-04-27T06:48:21Z
019dcdb2-2fd5-7d2c-801c-2eea8a3b9685,Hassan Desta,male,0.81,84,senior,MG,Madagascar,0.69,2026-04-27T06:48:21Z
019dcdb2-2fd5-7290-800b-df5765a2bbdd,Sekai Mnguni,female,0.89,57,adult,AO,Angola,0.35,2026-04-27T06:48:21Z
019dcdb2-2fd5-70f6-801a-621020a23f84,Thabo Sibanda,male,0.98,35,adult,ZA,South Africa,0.95,2026-04-27T06:48:21Z
019dcdb2-31ce-720f-8018-86627f7bf349,Njoroge Abdi,male,0.88,31,adult,ET,Ethiopia,0.47,2026-04-27T06:48:22Z
019dcdb2-31ce-706f-800e-ad0ba8229b3f,Takoda Ali,male,0.76,41,adult,KE,Kenya,0.63,2026-04-27T06:48:22Z
019dcdb2-31ce-7113-800e-3f64c56a305f,Girma Alemu,male,0.91,88,senior,ET,Ethiopia,0.92,2026-04-27T06:48:22Z
019dcdb2-31ce-73ed-801d-4ede2954260f,Kevin Evans,male,0.88,25,adult,DE,Germany,0.58,2026-04-27T06:48:22Z
019dcdb2-31ce-7048-800d-0697a1b067a6,Mpho Nxumalo,male,0.88,59,adult,ZA,South Africa,0.7,2026-04-27T06:48:22Z
019dcdb2-31ce-711c-800f-9fce4143be3f,Grâce Segla,female,0.7,83,senior,BJ,Benin,0.33,2026-04-27T06:48:22Z
019dcdb2-31ce-7a36-8004-caaebe74da62,Abdou Segla,male,0.65,21,adult,GM,Gambia,0.76,2026-04-27T06:48:22Z
019dcdb2-31ce-797b-8000-bce6ad1e9694,Yaw Okafor,male,0.79,26,adult,SN,Senegal,0.88,2026-04-27T06:48:22Z
019dcdb2-31ce-7d23-8003-7826b31802e4,Favour Eze,female,0.83,48,adult,SN,Senegal,0.47,2026-04-27T06:48:22Z
019dcdb2-31ce-775f-8012-50563fd171f8,Véronique Nze,female,0.91,52,adult,TD,Chad,0.19,2026-04-27T06:48:22Z
019dcdb2-31ce-7c3f-800e-3e8449df58a0,Munashe Nxumalo,male,0.82,25,adult,ZW,Zimbabwe,0.93,2026-04-27T06:48:22Z
019dcdb2-31ce-77f6-8018-5173b305dac3,Edward Young,male,0.67,89,senior,CN,China,0.38,2026-04-27T06:48:22Z
019dcdb2-31ce-7b2b-801b-898c6b1ed339,Njeri Warsame,female,0.72,43,adult,UG,Uganda,0.42,2026-04-27T06:48:22Z
019dcdb2-31ce-764a-8007-543de096e58a,Lindiwe Odhiambo,female,0.95,29,adult,BI,Burundi,0.14,2026-04-27T06:48:22Z
019dcdb2-31ce-7166-8003-25674d786ce6,Auxilia Khumalo,female,0.91,50,adult,AO,Angola,0.24,2026-04-27T06:48:22Z
019dcdb2-31ce-7cb0-8000-a5b2c2828f03,Kamau Mwangi,male,0.9,58,adult,KE,Kenya,0.69,2026-04-27T06:48:22Z
019dcdb2-31ce-713d-800d-21d89fff6a8a,Kofi Sawadogo,male,0.85,38,adult,GN,Guinea,0.48,2026-04-27T06:48:22Z
019dcdb2-31ce-7803-8005-d5d9b1e77d0e,Tinashe Nkomo,male,0.96,89,senior,ZM,Zambia,0.12,2026-04-27T06:48:22Z
019dcdb2-31ce-70dc-8015-77b862368b19,Ghita Khalil,female,0.72,51,adult,MA,Morocco,0.31,2026-04-27T06:48:22Z
019dcdb2-31cf-7c80-8001-7ab09a197c3c,Marguerite Bongo,female,0.8,31,adult,GA,Gabon,0.13,2026-04-27T06:48:22Z
019dcdb2-31cf-7966-800c-3933bf1b5a5c,Themba Otieno,male,0.95,86,senior,RW,Rwanda,0.47,2026-04-27T06:48:22Z
019dcdb2-31cf-78fa-8000-de3c3a22fc70,Florentine Lokossou,female,0.82,18,teenager,GN,Guinea,0.6,2026-04-27T06:48:22Z
019dcdb2-31cf-7b67-800d-45877696e482,Ikram Amrani,female,0.92,41,adult,SD,Sudan,0.9,2026-04-27T06:48:22Z
019dcdb2-31cf-7ce3-8016-3de785611aee,Mekdes Masondo,female,0.96,44,adult,ET,Ethiopia,0.72,2026-04-27T06:48:22Z
019dcdb2-31cf-7675-800b-89a5b6d9a34a,Pierre Tshisekedi,male,0.71,62,senior,GA,Gabon,0.63,2026-04-27T06:48:22Z
019dcdb2-31cf-7009-801d-59dfad85ce2f,Desta Bekele,male,0.89,7,child,ET,Ethiopia,0.36,2026-04-27T06:48:22Z
019dcdb2-31cf-7fdb-800c-b6185cacf605,Jennifer Allen,female,0.92,43,adult,IN,India,0.64,2026-04-27T06:48:22Z
019dcdb2-31cf-76fd-800c-f7a05b769fbd,Hyacinthe Kalonji,male,0.83,51,adult,GA,Gabon,0.17,2026-04-27T06:48:22Z
019dcdb2-31cf-75e6-8006-7df2028f7ca6,Halima Tesfaye,female,0.7,24,adult,TZ,Tanzania,0.72,2026-04-27T06:48:22Z
019dcdb2-31cf-75ef-801f-e7d8a48a3971,Farah Nxumalo,male,0.67,11,child,ER,Eritrea,0.85,2026-04-27T06:48:22Z
019dcdb2-31cf-70c5-8014-d9469565375d,Kwame Dossou,male,0.76,19,teenager,GH,Ghana,0.71,2026-04-27T06:48:22Z
019dcdb2-31cf-7e16-8001-4369136a5550,Blessing Asante,female,0.94,78,senior,ML,Mali,0.58,2026-04-27T06:48:22Z
019dcdb2-31cf-7ee9-8006-796ef5deb5d6,Jessica Adams,female,0.65,42,adult,US,United States,0.84,2026-04-27T06:48:22Z
019dcdb2-31cf-7750-800f-03e24fb7f5fe,Mpho Khumalo,male,0.89,70,senior,ET,Ethiopia,0.32,2026-04-27T06:48:22Z
019dcdb2-31cf-7081-8016-6d5ab0d81cfc,Parfait Kabila,male,0.97,59,adult,CF,Central African Republic,0.45,2026-04-27T06:48:22Z
019dcdb2-31cf-73d1-800a-0d49f7853f80,Ebo Hounsou,male,0.87,81,senior,GH,Ghana,0.75,2026-04-27T06:48:22Z
019dcdb2-31cf-768e-8014-eba9a7f744b3,Linda Turner,female,0.8,9,child,US,United States,0.28,2026-04-27T06:48:22Z
019dcdb2-31cf-7c4c-8001-13e91ac56381,Sipho Mhlanga,male,0.71,56,adult,AO,Angola,0.12,2026-04-27T06:48:22Z
019dcdb2-31cf-78f0-8010-c068c06366ec,Mutua Desta,male,0.7,8,child,KE,Kenya,0.16,2026-04-27T06:48:22Z
019dcdb2-31cf-7386-801d-83cad49bf87b,Tesfaye Njoroge,male,0.73,13,teenager,KE,Kenya,0.52,2026-04-27T06:48:22Z
019dcdb2-31cf-76f8-800b-52c136465bee,Thomas Green,male,0.95,50,adult,JP,Japan,0.87,2026-04-27T06:48:22Z
019dcdb2-31cf-79cf-801e-b5414c8d46da,Sekai Mthembu,female,0.99,44,adult,NA,Namibia,0.67,2026-04-27T06:48:22Z
019dcdb2-31cf-7425-800d-c2f676796c99,Tinashe Dlamini,male,0.96,80,senior,SZ,Eswatini,0.46,2026-04-27T06:48:22Z
019dcdb2-31cf-7015-8004-617f5310cb34,Daniel Osei,male,0.94,38,adult,BJ,Benin,0.21,2026-04-27T06:48:22Z
019dcdb2-31cf-7d66-8010-086f9d4c9244,Mumbi Mengistu,female,0.71,7,child,SS,South Sudan,0.81,2026-04-27T06:48:22Z
019dcdb2-31cf-7d32-801f-d0e2ab7c71cc,Themba Ndlovu,male,0.93,18,teenager,ST,São Tomé and Príncipe,0.43,2026-04-27T06:48:22Z
019dcdb2-31cf-7c0d-800f-7517917247c1,Laura Brown,female,0.7,6,child,IN,India,0.13,2026-04-27T06:48:22Z
019dcdb2-31cf-72ac-8014-e638bd94d1be,Lisa Nelson,female,0.85,56,adult,BR,Brazil,0.24,2026-04-27T06:48:22Z
019dcdb2-31cf-731f-8019-a79b96fe2852,Mohamed Kettani,male,0.82,16,teenager,MA,Morocco,0.78,2026-04-27T06:48:22Z
019dcdb2-31cf-7ed9-8016-c87e25b725f2,Lindiwe Masondo,female,0.91,27,adult,ZM,Zambia,0.4,2026-04-27T06:48:22Z
019dcdb2-31cf-743f-8019-da378edbc9e8,Mengistu Ndlovu,male,0.86,21,adult,KE,Kenya,0.61,2026-04-27T06:48:22Z
019dcdb2-31cf-7fc5-8016-8b6621b8ec3d,Hassan Bouazza,male,0.85,7,child,EG,Egypt,0.46,2026-04-27T06:48:22Z
019dcdb2-31cf-7a09-8010-c0dd64be93ea,Melissa Campbell,female,0.91,36,adult,CN,China,0.46,2026-04-27T06:48:22Z
019dcdb2-31cf-7393-8000-c1a42e4c5bfd,Farai Ndebele,male,0.73,44,adult,ZA,South Africa,0.59,2026-04-27T06:48:22Z
019dcdb2-31cf-7841-8013-2db186dea2c5,Florentine Zongo,female,0.83,88,senior,NG,Nigeria,0.57,2026-04-27T06:48:22Z
019dcdb2-31cf-7cce-801a-d2fd60c2619a,Ghita Bouazza,female,0.92,49,adult,MA,Morocco,0.85,2026-04-27T06:48:22Z
019dcdb2-31cf-7d1f-801e-0a98ecf5cff7,Getachew Haile,male,0.89,39,adult,TZ,Tanzania,0.17,2026-04-27T06:48:22Z
019dcdb2-31cf-7896-8019-6c30ac91c3f8,Lina Khatib,female,0.94,15,teenager,SD,Sudan,0.59,2026-04-27T06:48:22Z
019dcdb2-31cf-7550-800f-15ddf9b704e9,Ndéye Darko,female,0.97,52,adult,NG,Nigeria,0.39,2026-04-27T06:48:22Z
019dcdb2-31cf-7680-800b-0ff3d23014e3,Franck Okafor,male,0.77,73,senior,NG,Nigeria,0.49,2026-04-27T06:48:22Z
019dcdb2-31cf-7abf-8004-4bbef4767dfa,René Ping,male,0.98,25,adult,CM,Cameroon,0.25,2026-04-27T06:48:22Z
019dcdb2-31cf-7402-8007-ce0a57020468,Lamine Dao,male,0.92,51,adult,NG,Nigeria,0.7,2026-04-27T06:48:22Z
019dcdb2-31cf-7a14-801e-e81a9a1f8a17,Lina Bouazza,female,0.72,68,senior,SD,Sudan,0.83,2026-04-27T06:48:22Z
019dcdb2-31cf-75b7-8016-91ef462c023b,Abebe Khumalo,male,0.68,46,adult,KE,Kenya,0.26,2026-04-27T06:48:22Z
019dcdb2-31cf-7362-8005-8c282bb36c60,Ouma Jama,male,0.93,6,child,MZ,Mozambique,0.26,2026-04-27T06:48:22Z
019dcdb2-31cf-7858-801e-ffb4d7827a80,Fatima Khalil,female,0.68,8,child,MA,Morocco,0.94,2026-04-27T06:48:22Z
019dcdb2-31cf-767e-8017-eb6bcbd05536,Kwame Amoah,male,0.76,26,adult,NG,Nigeria,0.21,2026-04-27T06:48:22Z
019dcdb2-31cf-7853-8005-bc3845ffc2f8,Daniel Nguyen,male,0.67,44,adult,IN,India,0.88,2026-04-27T06:48:22Z
019dcdb2-31cf-7edf-8019-2b13c2af2f5e,Samuel Owusu,male,0.69,38,adult,CI,Côte d'Ivoire,0.89,2026-04-27T06:48:22Z
019dcdb2-31d0-7461-8012-9898c6e26854,Véronique Eyeghe,female,0.92,81,senior,CM,Cameroon,0.21,2026-04-27T06:48:22Z
019dcdb2-31d0-7221-8008-3187fdd5d5d6,Akinyi Warsame,female,0.7,6,child,KE,Kenya,0.27,2026-04-27T06:48:22Z
019dcdb2-31d0-721c-8016-bc83b56b5a3a,Grâce Konaté,female,0.99,14,teenager,BJ,Benin,0.57,2026-04-27T06:48:22Z
019dcdb2-31d0-75b5-801a-03ce0fa8063f,Youssef Saidi,male,0.78,27,adult,EG,Egypt,0.6,2026-04-27T06:48:22Z
019dcdb2-31d0-7c5d-801a-e3f3b0bb7d6a,Laura Nguyen,female,0.77,59,adult,AU,Australia,0.31,2026-04-27T06:48:22Z
019dcdb2-31d0-7d3a-8005-7a834bdc3d0e,Claire Ping,female,0.91,36,adult,CM,Cameroon,0.37,2026-04-27T06:48:22Z
019dcdb2-31d0-7784-8007-b69edb8bba93,Zulai Kamau,female,0.76,6,child,ET,Ethiopia,0.12,2026-04-27T06:48:22Z
019dcdb2-31d0-7268-8001-cd0ac5549468,Rakiya Farah,female,0.84,52,adult,ET,Ethiopia,0.34,2026-04-27T06:48:22Z
019dcdb2-31d0-7b31-8008-450fbfd76c1c,Lerato Nyoni,male,0.92,39,adult,ZW,Zimbabwe,0.85,2026-04-27T06:48:22Z
019dcdb2-31d0-784d-801f-ec7a0e6a2687,Kadiatou Agbodji,female,0.76,25,adult,ML,Mali,0.44,2026-04-27T06:48:22Z
019dcdb2-31d0-7652-8014-2dd70ec9fc40,Yaw Traoré,male,0.83,34,adult,GH,Ghana,0.18,2026-04-27T06:48:22Z
019dcdb2-31d0-764a-800a-c704e4f9da38,Kadiatou Darko,female,0.83,24,adult,SN,Senegal,0.56,2026-04-27T06:48:22Z
019dcdb2-31d0-7c79-8014-f7254d88c516,Thandiwe Khumalo,female,0.97,34,adult,LS,Lesotho,0.23,2026-04-27T06:48:22Z
019dcdb2-31d0-71cb-8009-5e4c3c7c5fbb,David Tchalla,male,0.68,79,senior,CI,Côte d'Ivoire,0.16,2026-04-27T06:48:22Z
019dcdb2-31d0-70a7-801d-e1fcabe1170f,René Lumumba,male,0.8,44,adult,GA,Gabon,0.42,2026-04-27T06:48:22Z
019dcdb2-31d0-79b6-801f-14dd63369e27,Takudzwa Nyoni,male,0.81,79,senior,ZW,Zimbabwe,0.12,2026-04-27T06:48:22Z
019dcdb2-31d0-77db-800e-98183c77cd14,Linda Roberts,female,0.76,80,senior,DE,Germany,0.3,2026-04-27T06:48:22Z
019dcdb2-31d0-7567-801d-885e7380a0fc,Steven Taylor,male,0.79,22,adult,AU,Australia,0.34,2026-04-27T06:48:22Z
019dcdb2-31d0-799a-801c-0e926561bb8a,Bethlehem Adhiambo,female,0.69,26,adult,TZ,Tanzania,0.9,2026-04-27T06:48:22Z
019dcdb2-31d0-7229-8006-adbd67746dbe,Dina Chraibi,female,0.68,31,adult,EG,Egypt,0.73,2026-04-27T06:48:22Z
019dcdb2-31d0-72a7-801e-36887ba930c6,Clarisse Afolabi,female,0.74,58,adult,GH,Ghana,0.39,2026-04-27T06:48:22Z
019dcdb2-31d0-77f2-800f-ee813c7d6e89,Karen Anderson,female,0.7,41,adult,US,United States,0.46,2026-04-27T06:48:22Z
019dcdb2-31d0-7f96-8015-f18eca63e85e,Susan Davis,female,0.68,10,child,CA,Canada,0.18,2026-04-27T06:48:22Z
019dcdb2-31d0-7ab4-8006-48d10da7735f,Cheikh Owusu,male,0.91,9,child,NG,Nigeria,0.21,2026-04-27T06:48:22Z
019dcdb2-31d0-790f-8008-40e1782f23b0,Mark Segla,male,0.93,47,adult,ML,Mali,0.57,2026-04-27T06:48:22Z
019dcdb2-31d0-7357-8004-178395f22ec4,Almaz Girma,female,0.7,10,child,KE,Kenya,0.72,2026-04-27T06:48:22Z
019dcdb2-31d0-7c64-8010-d838180b6722,Tebogo Shabalala,male,0.89,23,adult,SZ,Eswatini,0.51,2026-04-27T06:48:22Z
019dcdb2-31d0-75fa-800f-3472e834cf43,Jennifer Phillips,female,0.91,54,adult,FR,France,0.94,2026-04-27T06:48:22Z
019dcdb2-31d0-76f8-8010-773ee5625a7d,Thandeka Ahmed,female,0.65,27,adult,TZ,Tanzania,0.84,2026-04-27T06:48:22Z
019dcdb2-31d0-76f5-8009-3e6b694afb43,Véronique Ping,female,0.75,72,senior,GA,Gabon,0.59,2026-04-27T06:48:22Z
019dcdb2-31d0-7243-8017-512ef5d34481,Akinyi Mengistu,female,0.7,30,adult,TZ,Tanzania,0.28,2026-04-27T06:48:22Z
019dcdb2-3396-7480-8018-1d330c9966cb,Anthony Carter,male,0.8,32,adult,AU,Australia,0.81,2026-04-27T06:48:22Z
019dcdb2-3396-716b-8000-72c235721175,Mpho Ncube,male,0.72,14,teenager,BW,Botswana,0.8,2026-04-27T06:48:22Z
019dcdb2-3396-75aa-801e-00832a486a37,John Jones,male,0.73,15,teenager,GB,United Kingdom,0.8,2026-04-27T06:48:22Z
019dcdb2-3396-7074-801d-90bac6f00166,Timothy Davis,male,0.89,24,adult,GB,United Kingdom,0.5,2026-04-27T06:48:22Z
019dcdb2-3396-74cb-8014-0f024011595c,Segun Osei,male,0.69,56,adult,GN,Guinea,0.13,2026-04-27T06:48:22Z
019dcdb2-3396-7ccb-801c-c9fea2bc204d,Thandeka Mohamed,female,0.77,44,adult,KE,Kenya,0.34,2026-04-27T06:48:22Z
019dcdb2-3396-7548-801b-5e005a0d1b92,Ekow Adomou,male,0.89,46,adult,SN,Senegal,0.28,2026-04-27T06:48:22Z
019dcdb2-3396-79fb-8016-2868bd03fde5,Tebogo Sibanda,male,0.86,36,adult,LS,Lesotho,0.26,2026-04-27T06:48:22Z
019dcdb2-3397-7772-801d-f4be0a72ce07,Samuel Sidibé,male,0.86,68,senior,NG,Nigeria,0.39,2026-04-27T06:48:22Z
019dcdb2-3397-7288-8008-cb72205d87ea,Abdou Nikiéma,male,0.69,21,adult,NG,Nigeria,0.28,2026-04-27T06:48:22Z
019dcdb2-3397-78e5-800b-a739a540c9f4,Louise Lumumba,female,0.91,33,adult,CG,Republic of the Congo,0.49,2026-04-27T06:48:22Z
019dcdb2-3397-7218-8001-df6c5c92711d,Amanda Martin,female,0.77,28,adult,US,United States,0.55,2026-04-27T06:48:22Z
019dcdb2-3397-768b-8016-59fdf53c2db0,Mpho Mthembu,male,0.7,15,teenager,BW,Botswana,0.57,2026-04-27T06:48:22Z
019dcdb2-3397-7a19-800d-8aafdfcc8c8d,Calixte Mensah,male,0.72,56,adult,SN,Senegal,0.31,2026-04-27T06:48:22Z
019dcdb2-3397-7a86-800b-d90b26badc4d,Astou Boateng,female,0.72,34,adult,NE,Niger,0.75,2026-04-27T06:48:22Z
019dcdb2-3397-77f9-8018-2a46b80eeed2,Astou Dossou,female,0.84,89,senior,NG,Nigeria,0.7,2026-04-27T06:48:22Z
019dcdb2-3397-7223-8009-ca70eb4e7906,Bongiwe Nkosi,female,0.83,28,adult,ZA,South Africa,0.62,2026-04-27T06:48:22Z
019dcdb2-3397-7d23-800b-cb27f0903be5,Ade Ouédraogo,male,0.77,12,child,SN,Senegal,0.18,2026-04-27T06:48:22Z
019dcdb2-3397-78a2-800d-5acaafa817ba,Joy Afolabi,female,0.95,56,adult,NG,Nigeria,0.14,2026-04-27T06:48:22Z
019dcdb2-3397-7d9e-8012-313408a92e39,Tesfaye Desta,male,0.84,29,adult,KE,Kenya,0.2,2026-04-27T06:48:22Z
019dcdb2-3397-7915-8010-306204855aae,Betty Davis,female,0.85,14,teenager,BR,Brazil,0.57,2026-04-27T06:48:22Z
019dcdb2-3397-7c05-8018-249560302d90,Théophile Ondimba,male,0.92,16,teenager,CM,Cameroon,0.88,2026-04-27T06:48:22Z
019dcdb2-3397-7eaf-8005-e83f015b41fb,Joy Okafor,female,0.7,27,adult,GH,Ghana,0.62,2026-04-27T06:48:22Z
019dcdb2-3397-7990-800e-1b1e71a2120b,Tadesse Tadesse,male,0.96,63,senior,ET,Ethiopia,0.16,2026-04-27T06:48:22Z
019dcdb2-3397-761f-8003-a0bec3087d02,Rania Lamrani,female,0.72,33,adult,EG,Egypt,0.59,2026-04-27T06:48:22Z
019dcdb2-3397-7b29-8012-40394f69fa7f,Barbara Edwards,female,0.75,16,teenager,DE,Germany,0.39,2026-04-27T06:48:22Z
019dcdb2-3397-7737-800f-ae89e702ca50,Kagiso Sibanda,male,0.98,29,adult,ZA,South Africa,0.75,2026-04-27T06:48:22Z
019dcdb2-3397-7316-800e-a71dce4af54b,John Davis,male,0.99,38,adult,FR,France,0.57,2026-04-27T06:48:22Z
019dcdb2-3397-798b-8019-541989d6a2d6,Paul Tapsoba,male,0.8,18,teenager,NG,Nigeria,0.65,2026-04-27T06:48:22Z
019dcdb2-3397-7073-8017-b2bd5c012532,Melissa Parker,female,0.97,14,teenager,US,United States,0.21,2026-04-27T06:48:22Z
019dcdb2-3397-739d-801b-855bd617b7d7,Bayo Diallo,male,0.83,9,child,NG,Nigeria,0.45,2026-04-27T06:48:22Z
019dcdb2-3397-782b-801f-d008681ae819,Yusuf Tadesse,male,0.77,18,teenager,KE,Kenya,0.62,2026-04-27T06:48:22Z
019dcdb2-3397-75af-800d-3b0233688d2e,John Anderson,male,0.72,17,teenager,FR,France,0.54,2026-04-27T06:48:22Z
019dcdb2-3397-71f8-8000-38625de2df82,Zanele Waweru,female,0.92,40,adult,UG,Uganda,0.5,2026-04-27T06:48:22Z
019dcdb2-3397-70ff-801a-e513f644d417,Sara Alaoui,female,0.89,22,adult,DZ,Algeria,0.38,2026-04-27T06:48:22Z
019dcdb2-3397-7bdf-8012-1bb73e7ff28b,Kwame Igwe,male,0.8,28,adult,GH,Ghana,0.27,2026-04-27T06:48:22Z
019dcdb2-3397-7282-801e-afd3d3629744,Edward Garcia,male,0.82,46,adult,IN,India,0.69,2026-04-27T06:48:22Z
019dcdb2-3397-78bf-8007-f1bfd043d5f4,Nandi Nxumalo,female,0.86,68,senior,ZA,South Africa,0.28,2026-04-27T06:48:22Z
019dcdb2-3397-7e28-8002-341af32c66c0,Cynthia Smith,female,0.66,30,adult,GB,United Kingdom,0.19,2026-04-27T06:48:22Z
019dcdb2-3397-7d93-8011-560490961fc1,Njoroge Shabalala,male,0.76,14,teenager,DJ,Djibouti,0.16,2026-04-27T06:48:22Z
019dcdb2-3397-7b4a-801b-ded5383f0567,Mamadou Nikiéma,male,0.85,58,adult,GH,Ghana,0.47,2026-04-27T06:48:22Z
019dcdb2-3397-7117-800b-35d3658adaf6,Paul Green,male,0.86,55,adult,GB,United Kingdom,0.55,2026-04-27T06:48:22Z
019dcdb2-3397-761c-8013-76abe8f73b04,Daniel Carter,male,0.84,63,senior,IN,India,0.31,2026-04-27T06:48:22Z
019dcdb2-3397-7b47-8014-06cfa3c064db,Margaret Mitchell,female,0.71,36,adult,FR,France,0.24,2026-04-27T06:48:22Z
019dcdb2-3397-7ffe-801c-34a0af98f599,Sarah Miller,female,0.97,12,child,DE,Germany,0.16,2026-04-27T06:48:22Z
019dcdb2-3397-7ae6-800d-e54d083f9266,Charles White,male,0.96,82,senior,IN,India,0.63,2026-04-27T06:48:22Z
019dcdb2-3398-7d3b-8014-2c980761c505,Hafsat Mengistu,female,0.82,34,adult,KE,Kenya,0.5,2026-04-27T06:48:22Z
019dcdb2-3398-70a8-8017-32e6049da0c6,Ifeoma Tapsoba,female,0.95,70,senior,GH,Ghana,0.34,2026-04-27T06:48:22Z
019dcdb2-3398-731e-801b-7e86d4e4c26d,Emeka Camara,male,0.85,38,adult,NG,Nigeria,0.6,2026-04-27T06:48:22Z
019dcdb2-3398-7efe-8012-5317a9a5cdf6,Youssef Berrada,male,0.77,70,senior,EG,Egypt,0.87,2026-04-27T06:48:22Z
019dcdb2-3398-79ce-801d-4c6ef9048495,Joseph Thompson,male,0.85,43,adult,BR,Brazil,0.89,2026-04-27T06:48:22Z
019dcdb2-3398-708d-8011-45ec9a246aad,Rania Amrani,female,0.97,30,adult,EG,Egypt,0.94,2026-04-27T06:48:22Z
019dcdb2-3398-790f-8006-8b956346fc39,Tinashe Mthembu,male,0.71,40,adult,ZW,Zimbabwe,0.57,2026-04-27T06:48:22Z
019dcdb2-3398-7fb2-8018-f98e822b980d,Khaled Rachidi,male,0.72,44,adult,EG,Egypt,0.18,2026-04-27T06:48:22Z
019dcdb2-3398-7709-8015-5149c777e140,Themba Odhiambo,male,0.98,72,senior,UG,Uganda,0.57,2026-04-27T06:48:22Z
019dcdb2-3398-7402-800a-592eae1becce,Bayo Antwi,male,0.98,74,senior,NG,Nigeria,0.55,2026-04-27T06:48:22Z
019dcdb2-3398-74ae-8007-f7a7c9e79a62,Zulai Mnguni,female,0.87,33,adult,UG,Uganda,0.65,2026-04-27T06:48:22Z
019dcdb2-3398-7d81-801f-0a23c7f243b3,Chérie Nguema,female,0.92,23,adult,CM,Cameroon,0.79,2026-04-27T06:48:22Z
019dcdb2-3398-7b2a-8018-3053a2d83dd3,Mengistu Tesfaye,male,0.83,7,child,KE,Kenya,0.85,2026-04-27T06:48:22Z
019dcdb2-3398-79fb-8004-94c69eb8ccce,Wanja Achieng,female,0.84,12,child,TZ,Tanzania,0.18,2026-04-27T06:48:22Z
019dcdb2-3398-7bdb-801a-468c12cb4532,Joseph Martin,male,0.89,43,adult,GB,United Kingdom,0.48,2026-04-27T06:48:22Z
019dcdb2-3398-7a1b-8006-53b3d0449398,Gary Davis,male,0.67,85,senior,FR,France,0.49,2026-04-27T06:48:22Z
019dcdb2-3398-74ad-8002-76b51afdb6f4,Tebogo Nxumalo,male,0.83,37,adult,ZW,Zimbabwe,0.51,2026-04-27T06:48:22Z
019dcdb2-3398-7e64-8006-1c30b14315ba,Paul King,male,0.84,28,adult,FR,France,0.85,2026-04-27T06:48:22Z
019dcdb2-3398-7e99-8011-d78b55f0c1f6,Chipo Nxumalo,female,0.74,6,child,ST,São Tomé and Príncipe,0.56,2026-04-27T06:48:22Z
019dcdb2-3398-71f0-801e-e22659a8fc92,Théodore Okonkwo,male,0.82,67,senior,CI,Côte d'Ivoire,0.74,2026-04-27T06:48:22Z
019dcdb2-3398-7ceb-8014-92f1e7518b57,Bongani Mwangi,male,0.94,41,adult,KM,Comoros,0.31,2026-04-27T06:48:22Z
019dcdb2-3398-7836-800f-148097d07de0,Bongiwe Ndebele,female,0.7,30,adult,ZA,South Africa,0.4,2026-04-27T06:48:22Z
019dcdb2-3398-7d06-801c-be79d34b4009,Fatoumata Nwosu,female,0.79,83,senior,GH,Ghana,0.35,2026-04-27T06:48:22Z
019dcdb2-3398-7ac3-801a-7412e69a0293,Sara Kettani,female,0.84,28,adult,MA,Morocco,0.89,2026-04-27T06:48:22Z
019dcdb2-3398-78d6-8016-b9067ac65392,Tendai Otieno,male,0.89,85,senior,ET,Ethiopia,0.28,2026-04-27T06:48:22Z
019dcdb2-3398-742f-8015-b75296dc6d37,Parfait Mobutu,male,0.84,40,adult,CD,DR Congo,0.26,2026-04-27T06:48:22Z
019dcdb2-3398-7d28-801c-682d671a3894,Linda Edwards,female,0.67,59,adult,FR,France,0.21,2026-04-27T06:48:22Z
019dcdb2-3398-7e94-801a-0c8e369cc302,Djeneba Agbodji,female,0.77,5,child,NG,Nigeria,0.39,2026-04-27T06:48:22Z
019dcdb2-3398-7794-8001-d6fd29e0563e,Themba Mthembu,male,0.85,58,adult,KE,Kenya,0.12,2026-04-27T06:48:22Z
019dcdb2-3398-74ec-800d-fe7c0be5ebcf,Dina El Fassi,female,0.96,83,senior,EG,Egypt,0.19,2026-04-27T06:48:22Z
019dcdb2-3398-7208-8009-fda8802663fa,Rudo Khumalo,male,0.74,11,child,ZM,Zambia,0.18,2026-04-27T06:48:22Z
019dcdb2-3398-7cf5-8018-0a8e1037cfec,Bayo Okonkwo,male,0.79,45,adult,BJ,Benin,0.38,2026-04-27T06:48:22Z
019dcdb2-3398-78ff-8019-e99fa039425c,Rim Kettani,female,0.69,21,adult,MA,Morocco,0.9,2026-04-27T06:48:22Z
019dcdb2-3398-7cde-8003-08ec46bc0cd0,Odhiambo Otieno,male,0.72,14,teenager,MU,Mauritius,0.15,2026-04-27T06:48:22Z
019dcdb2-3398-7f03-8016-029656052c3b,Mariama Keïta,female,0.91,40,adult,NG,Nigeria,0.64,2026-04-27T06:48:22Z
019dcdb2-3398-7701-8014-8018990d2e06,Fatima Filali,female,0.84,34,adult,DZ,Algeria,0.59,2026-04-27T06:48:22Z
019dcdb2-3398-7a1b-8005-5b2dcbd92121,Thabo Mthembu,male,0.79,52,adult,MU,Mauritius,0.68,2026-04-27T06:48:22Z
019dcdb2-3398-7381-8000-592dc40c3219,Shamiso Sibanda,female,0.98,9,child,AO,Angola,0.5,2026-04-27T06:48:22Z
019dcdb2-3398-7e6d-8003-ed3b141f22be,Mwangi Desta,male,0.71,90,senior,MW,Malawi,0.44,2026-04-27T06:48:22Z
019dcdb2-3398-7f46-8003-9b907df3be37,Sizwe Nxumalo,male,0.73,37,adult,ZA,South Africa,0.64,2026-04-27T06:48:22Z
019dcdb2-3399-7e4b-8013-9400592d15c2,Astou Nikiéma,female,0.94,23,adult,GH,Ghana,0.52,2026-04-27T06:48:22Z
019dcdb2-3399-735b-8018-ae89db1a5801,Jessica Martin,female,0.94,44,adult,US,United States,0.75,2026-04-27T06:48:22Z
019dcdb2-3399-7ee1-8002-f4ad0f3fcf41,Haile Odhiambo,male,0.85,10,child,TZ,Tanzania,0.7,2026-04-27T06:48:22Z
019dcdb2-3399-7262-801f-b1a433037ea4,Kwame Bah,male,0.88,35,adult,NG,Nigeria,0.9,2026-04-27T06:48:22Z
019dcdb2-3399-778e-8007-ef4aae862340,Moussa Okafor,male,0.9,8,child,NG,Nigeria,0.36,2026-04-27T06:48:22Z
019dcdb2-3399-7dc6-801c-c787814fccfe,Farai Nkomo,male,0.81,60,senior,ZA,South Africa,0.11,2026-04-27T06:48:22Z
019dcdb2-3399-7a3a-8010-62cb71a00514,Femi Agyei,male,0.86,53,adult,EH,Western Sahara,0.42,2026-04-27T06:48:22Z
019dcdb2-3399-75b9-8002-75eb32c70027,Dina Lamrani,female,0.89,30,adult,EG,Egypt,0.17,2026-04-27T06:48:22Z
019dcdb2-3399-716b-8012-b7db642a1520,Youssef Kettani,male,0.72,8,child,MA,Morocco,0.59,2026-04-27T06:48:22Z
019dcdb2-3399-7df9-8001-f0e29164488a,Emeka Osei,male,0.86,80,senior,GN,Guinea,0.33,2026-04-27T06:48:22Z
019dcdb2-3399-7155-8010-ea2667614454,Gilbert Amoah,male,0.97,44,adult,CI,Côte d'Ivoire,0.2,2026-04-27T06:48:22Z
019dcdb2-3399-7355-8005-fd7ae77a480f,Kariuki Farah,male,0.88,52,adult,MG,Madagascar,0.89,2026-04-27T06:48:22Z
019dcdb2-3399-7e3a-8008-cfe7228b9072,Charles King,male,0.67,27,adult,FR,France,0.55,2026-04-27T06:48:22Z
019dcdb2-3399-7125-800d-9f164e375b86,Ekow Konaté,male,0.94,29,adult,BJ,Benin,0.6,2026-04-27T06:48:22Z
019dcdb2-35a9-77d0-8011-7e6d11d13cb9,Rakiya Elmi,female,0.93,43,adult,SO,Somalia,0.34,2026-04-27T06:48:23Z
019dcdb2-35a9-7f22-800b-690748a0e485,Paul Kasavubu,male,0.7,21,adult,CD,DR Congo,0.91,2026-04-27T06:48:23Z
019dcdb2-35a9-741a-8014-15056e94c2e2,Kofi Babatunde,male,0.74,49,adult,ML,Mali,0.34,2026-04-27T06:48:23Z
019dcdb2-35a9-71c9-8013-6075c9cc0736,Fatima Kettani,female,0.95,13,teenager,SD,Sudan,0.2,2026-04-27T06:48:23Z
019dcdb2-35a9-7287-8010-e2a04d196ab1,Bilkisu Jama,female,0.9,33,adult,MZ,Mozambique,0.15,2026-04-27T06:48:23Z
019dcdb2-35a9-7851-8001-8f3dc39dac40,Adil Amrani,male,0.91,53,adult,TN,Tunisia,0.37,2026-04-27T06:48:23Z
019dcdb2-35a9-7b03-801d-c6a85482783d,Jeanne Gizenga,female,0.71,25,adult,TD,Chad,0.29,2026-04-27T06:48:23Z
019dcdb2-35a9-71b7-8004-ef21348e95ca,Nokwanda Mohamed,female,0.9,33,adult,RW,Rwanda,0.79,2026-04-27T06:48:23Z
019dcdb2-35a9-70cf-8003-11e60cc11e98,Franck Igwe,male,0.98,58,adult,NG,Nigeria,0.44,2026-04-27T06:48:23Z
019dcdb2-35a9-7733-8011-541b784451aa,Bienvenu Nkoghe,male,0.67,41,adult,CM,Cameroon,0.36,2026-04-27T06:48:23Z
019dcdb2-35a9-7b8b-8017-110122bbf951,Mark Antwi,male,0.96,58,adult,SL,Sierra Leone,0.19,2026-04-27T06:48:23Z
019dcdb2-35a9-753c-8016-344f63a2952c,Hiwot Mengistu,female,0.78,53,adult,BI,Burundi,0.51,2026-04-27T06:48:23Z
019dcdb2-35a9-7906-8018-df493b87886e,Hassan Ali,male,0.68,67,senior,BI,Burundi,0.31,2026-04-27T06:48:23Z
019dcdb2-35a9-7514-801a-3a045199ab23,Yaw Zongo,male,0.67,81,senior,ML,Mali,0.57,2026-04-27T06:48:23Z
019dcdb2-35a9-7771-8005-6b60236434bf,Ryan Campbell,male,0.79,76,senior,US,United States,0.45,2026-04-27T06:48:23Z
019dcdb2-35a9-7fdf-8005-080cff46024c,Mutua Masondo,male,0.95,61,senior,KE,Kenya,0.17,2026-04-27T06:48:23Z
019dcdb2-35a9-74bf-801f-a4d26e0fc404,Nandi Mwangi,female,0.83,24,adult,KE,Kenya,0.74,2026-04-27T06:48:23Z
019dcdb2-35a9-744e-801a-1fe31a4c44ae,Rakiya Warsame,female,0.87,33,adult,KE,Kenya,0.63,2026-04-27T06:48:23Z
019dcdb2-35a9-7b46-800c-c5bac0af36bb,Kathleen Carter,female,0.73,41,adult,BR,Brazil,0.22,2026-04-27T06:48:23Z
019dcdb2-35a9-76f0-801d-c9d7b9ddfe0c,Célestin Ping,male,0.72,29,adult,CM,Cameroon,0.42,2026-04-27T06:48:23Z
019dcdb2-35a9-708b-8017-4d0297257645,René Bomboko,male,0.78,31,adult,CF,Central African Republic,0.18,2026-04-27T06:48:23Z
019dcdb2-35a9-7a1d-8013-691fa03f689a,Araba Diallo,female,0.77,53,adult,BJ,Benin,0.68,2026-04-27T06:48:23Z
019dcdb2-35a9-7e05-8018-b2ebafa0571d,Linda White,female,0.76,90,senior,BR,Brazil,0.77,2026-04-27T06:48:23Z
019dcdb2-35a9-7985-801c-79bf6f80746d,Peace Traoré,female,0.74,70,senior,CI,Côte d'Ivoire,0.84,2026-04-27T06:48:23Z
019dcdb2-35a9-7cb4-8000-3b0c4a51558b,Arsène Boateng,male,0.77,7,child,GH,Ghana,0.84,2026-04-27T06:48:23Z
019dcdb2-35a9-764b-8014-944af06ed605,Hiwot Mohamed,female,0.71,43,adult,TZ,Tanzania,0.94,2026-04-27T06:48:23Z
019dcdb2-35a9-7ad5-8011-7b81e0850523,Omar Filali,male,0.92,17,teenager,MA,Morocco,0.37,2026-04-27T06:48:23Z
019dcdb2-35a9-73e5-8018-244d5d298dc3,Karen Williams,female,0.83,64,senior,GB,United Kingdom,0.44,2026-04-27T06:48:23Z
019dcdb2-35a9-7823-8005-343a9ab1cc54,Pierre Mboumba,male,0.72,51,adult,CD,DR Congo,0.72,2026-04-27T06:48:23Z
019dcdb2-35a9-791c-8004-c682a791bfdf,Ekow Adeyemi,male,0.86,29,adult,GH,Ghana,0.49,2026-04-27T06:48:23Z
019dcdb2-35a9-7f38-801a-2bb5813ed8d3,Chidi Nwosu,male,0.65,7,child,ML,Mali,0.93,2026-04-27T06:48:23Z
019dcdb2-35a9-7e6a-801d-9ba2b6ce147e,Mengistu Abdi,male,0.87,86,senior,RW,Rwanda,0.34,2026-04-27T06:48:23Z
019dcdb2-35a9-7f2a-800e-fbabda6f59e5,Barbara Williams,female,0.88,5,child,US,United States,0.64,2026-04-27T06:48:23Z
019dcdb2-35a9-7e4b-8001-f22aa72074a5,Barbara Adams,female,0.8,33,adult,IN,India,0.91,2026-04-27T06:48:23Z
019dcdb2-35a9-785b-801a-9e2517b6d29a,Joie Obiang,female,0.81,48,adult,CD,DR Congo,0.32,2026-04-27T06:48:23Z
019dcdb2-35a9-7de9-8019-31c6f0f4de4e,Sipho Abdi,male,0.97,22,adult,RW,Rwanda,0.79,2026-04-27T06:48:23Z
019dcdb2-35a9-7ff9-800c-61f75548ba74,Abebe Nkosi,male,0.9,5,child,UG,Uganda,0.48,2026-04-27T06:48:23Z
019dcdb2-35a9-78b0-8006-2552364cf9c5,Laura Phillips,female,0.85,65,senior,CA,Canada,0.62,2026-04-27T06:48:23Z
019dcdb2-35a9-70b0-8010-71c4ae6a3e2b,Kimberly Allen,female,0.79,13,teenager,FR,France,0.84,2026-04-27T06:48:23Z
019dcdb2-35a9-7516-800d-d0796f18acb6,Sipho Getachew,male,0.75,17,teenager,TZ,Tanzania,0.91,2026-04-27T06:48:23Z
019dcdb2-35a9-74d3-8016-0c7b24f6895c,Carol Mitchell,female,0.88,54,adult,JP,Japan,0.75,2026-04-27T06:48:23Z
019dcdb2-35a9-7cd6-801e-fc8ba2bc2cb9,Mengistu Bekele,male,0.65,62,senior,KE,Kenya,0.11,2026-04-27T06:48:23Z
019dcdb2-35a9-733c-800d-6392abcd848f,Mercy Chukwu,female,0.73,17,teenager,TG,Togo,0.88,2026-04-27T06:48:23Z
019dcdb2-35a9-7595-8004-c9c44503e40f,Tariro Mnguni,female,0.88,5,child,ZA,South Africa,0.88,2026-04-27T06:48:23Z
019dcdb2-35a9-7578-801d-ab37e72481eb,Oumou Dossou,female,0.71,84,senior,CI,Côte d'Ivoire,0.28,2026-04-27T06:48:23Z
019dcdb2-35a9-7dd0-801c-34a9f478158f,Emily Brown,female,0.8,84,senior,US,United States,0.2,2026-04-27T06:48:23Z
019dcdb2-35a9-7003-8002-0bfbfc72033b,David Wright,male,0.98,16,teenager,FR,France,0.23,2026-04-27T06:48:23Z
019dcdb2-35a9-7fa5-8015-3fc990f050e3,Mamadou Touré,male,0.72,34,adult,GH,Ghana,0.69,2026-04-27T06:48:23Z
019dcdb2-35a9-7e0d-800d-4687fffea849,Tunde Okonkwo,male,0.85,7,child,SN,Senegal,0.77,2026-04-27T06:48:23Z
019dcdb2-35a9-7ce5-800a-3ffe7d65b725,Hamza Kettani,male,0.85,48,adult,MA,Morocco,0.42,2026-04-27T06:48:23Z
019dcdb2-35a9-795b-8019-5af483b84276,Maame Darko,female,0.74,7,child,GM,Gambia,0.27,2026-04-27T06:48:23Z
019dcdb2-35a9-7ec2-8009-abca1aed50b7,Ryan Nguyen,male,0.95,17,teenager,BR,Brazil,0.11,2026-04-27T06:48:23Z
019dcdb2-35a9-7589-8007-cdd2caeb0de0,Salma Tahir,female,0.98,37,adult,DZ,Algeria,0.49,2026-04-27T06:48:23Z
019dcdb2-35a9-79ab-800d-0b9ff3225a9d,Bongani Dlamini,male,0.99,51,adult,ZA,South Africa,0.64,2026-04-27T06:48:23Z
019dcdb2-35a9-728d-800a-cc61c5b99f91,Marcel Adoula,male,0.72,8,child,CM,Cameroon,0.95,2026-04-27T06:48:23Z
019dcdb2-35a9-7a22-8017-80d31214a840,Michael Miller,male,0.77,10,child,CN,China,0.88,2026-04-27T06:48:23Z
019dcdb2-35a9-7650-8009-72e4a4a15b73,Pierre Lumumba,male,0.88,35,adult,CM,Cameroon,0.6,2026-04-27T06:48:23Z
019dcdb2-35a9-7ad7-801b-d54a4e10b142,Andrew Garcia,male,0.82,43,adult,FR,France,0.33,2026-04-27T06:48:23Z
019dcdb2-35a9-704f-800b-142ca0bc66ab,Florentine Adeyemi,female,0.9,34,adult,BJ,Benin,0.72,2026-04-27T06:48:23Z
019dcdb2-35a9-7952-8017-920d1c411225,Gloire Kasavubu,female,0.75,8,child,GA,Gabon,0.15,2026-04-27T06:48:23Z
019dcdb2-35a9-7a68-800f-4c28981acc03,Getachew Getachew,male,0.73,52,adult,UG,Uganda,0.5,2026-04-27T06:48:23Z
019dcdb2-35a9-7b9f-8007-6e7f7ec49778,Simba Masondo,male,0.67,59,adult,SZ,Eswatini,0.56,2026-04-27T06:48:23Z
019dcdb2-35a9-7209-8016-db4beb425a02,Selamawit Otieno,female,0.74,39,adult,KE,Kenya,0.64,2026-04-27T06:48:23Z
019dcdb2-35a9-7aab-800b-381d91762c62,Lindiwe Ndlovu,female,0.93,43,adult,BW,Botswana,0.81,2026-04-27T06:48:23Z
019dcdb2-35a9-749e-8012-dbb5a1beef3b,Yusuf Haile,male,0.67,58,adult,ET,Ethiopia,0.95,2026-04-27T06:48:23Z
019dcdb2-35a9-79ce-8000-da154338082a,Halima Tadesse,female,0.79,25,adult,KE,Kenya,0.47,2026-04-27T06:48:23Z
019dcdb2-35a9-729b-8017-1192e5e76bf3,Tigist Mthembu,female,0.88,56,adult,UG,Uganda,0.94,2026-04-27T06:48:23Z
019dcdb2-35a9-710b-8018-7ec91af1c738,Segun Agyei,male,0.83,33,adult,CI,Côte d'Ivoire,0.61,2026-04-27T06:48:23Z
019dcdb2-35a9-7c57-801c-243779d7338d,Zanele Shabalala,female,0.96,46,adult,ZW,Zimbabwe,0.67,2026-04-27T06:48:23Z
019dcdb2-35a9-7b3e-8015-8f793fac4794,Zakaria Hajji,male,0.89,72,senior,EG,Egypt,0.85,2026-04-27T06:48:23Z
019dcdb2-35a9-775f-8010-4ed556fc9d4f,Almaz Abdi,female,0.81,57,adult,RW,Rwanda,0.62,2026-04-27T06:48:23Z
019dcdb2-35a9-723b-8002-75026c9aaea3,Desta Girma,male,0.95,31,adult,MZ,Mozambique,0.12,2026-04-27T06:48:23Z
019dcdb2-35a9-7f67-801e-8138c4494397,Robert Scott,male,0.72,27,adult,US,United States,0.42,2026-04-27T06:48:23Z
019dcdb2-35a9-7068-8011-77edde4f6365,Samuel Coulibaly,male,0.77,6,child,BJ,Benin,0.23,2026-04-27T06:48:23Z
019dcdb2-35a9-7b4f-8005-df1f4410ff73,Kunle Babatunde,male,0.96,12,child,CI,Côte d'Ivoire,0.68,2026-04-27T06:48:23Z
019dcdb2-35a9-7bbf-800a-006030bfeead,Richard Williams,male,0.85,71,senior,GB,United Kingdom,0.64,2026-04-27T06:48:23Z
019dcdb2-35a9-7043-8009-0700c7033d9c,Themba Khumalo,male,0.69,41,adult,ZW,Zimbabwe,0.35,2026-04-27T06:48:23Z
019dcdb2-35a9-75da-801b-6b4133b4f4d4,Amina Mengistu,female,0.82,71,senior,ET,Ethiopia,0.41,2026-04-27T06:48:23Z
019dcdb2-35a9-79c6-8016-3a857db9177d,Jacques Kabila,male,0.89,38,adult,GQ,Equatorial Guinea,0.33,2026-04-27T06:48:23Z
019dcdb2-35aa-7ee2-8001-2345d5be7642,Almaz Getachew,female,0.82,43,adult,MU,Mauritius,0.81,2026-04-27T06:48:23Z
019dcdb2-35aa-782a-8019-6918590b636a,Michael Adams,male,0.7,74,senior,AU,Australia,0.13,2026-04-27T06:48:23Z
019dcdb2-35aa-71ff-801e-9411c805a59d,Bongani Kamau,male,0.81,25,adult,ET,Ethiopia,0.25,2026-04-27T06:48:23Z
019dcdb2-35aa-7bcc-8001-b0b2117afa9e,Kofi Amoah,male,0.83,30,adult,MR,Mauritania,0.32,2026-04-27T06:48:23Z
019dcdb2-35aa-76d6-8005-7ea752c6d871,Mehdi Berrada,male,0.67,5,child,TN,Tunisia,0.88,2026-04-27T06:48:23Z
019dcdb2-35aa-7dc9-8003-272dfb994cf8,Grâce Eyeghe,female,0.85,15,teenager,CD,DR Congo,0.7,2026-04-27T06:48:23Z
019dcdb2-35aa-7ab4-8006-aa70a1cf02c3,Mpho Nkosi,male,0.78,27,adult,ST,São Tomé and Príncipe,0.23,2026-04-27T06:48:23Z
019dcdb2-35aa-7d74-8001-fb54bb77d1db,Nandi Moyo,female,0.74,24,adult,ZA,South Africa,0.17,2026-04-27T06:48:23Z
019dcdb2-35aa-70c2-800f-9b3c5fc92b5b,Nokwanda Khumalo,female,0.69,18,teenager,ZA,South Africa,0.74,2026-04-27T06:48:23Z
019dcdb2-35aa-7c8c-8007-4b7123958a28,Tendai Girma,male,0.87,22,adult,KE,Kenya,0.41,2026-04-27T06:48:23Z
019dcdb2-35aa-7325-8007-49674c9389bc,Richard King,male,0.83,54,adult,IN,India,0.78,2026-04-27T06:48:23Z
019dcdb2-35aa-7584-8019-c1666b0205a1,Chisom Mensah,female,0.7,88,senior,NG,Nigeria,0.78,2026-04-27T06:48:23Z
019dcdb2-35aa-763e-801f-ecbf14a1303e,Ashley Martin,female,0.91,59,adult,US,United States,0.15,2026-04-27T06:48:23Z
019dcdb2-35aa-7bce-800c-40f708658ccf,Karim Alaoui,male,0.72,89,senior,EG,Egypt,0.5,2026-04-27T06:48:23Z
019dcdb2-35aa-7a34-8018-ead081801f0c,Thabo Ncube,male,0.66,29,adult,ZA,South Africa,0.71,2026-04-27T06:48:23Z
019dcdb2-35aa-73a0-8004-78e337a6e36a,Matthew Jones,male,0.85,21,adult,DE,Germany,0.63,2026-04-27T06:48:23Z
019dcdb2-35aa-773d-800e-bfe78977c6ca,Bintou Sow,female,0.86,23,adult,BJ,Benin,0.26,2026-04-27T06:48:23Z
019dcdb2-35aa-7df5-8003-057eeca2b17d,Desta Achieng,male,0.97,72,senior,UG,Uganda,0.8,2026-04-27T06:48:23Z
019dcdb2-35aa-7899-8016-36a6080da4d5,Nompumelelo Sibanda,female,0.98,16,teenager,AO,Angola,0.84,2026-04-27T06:48:23Z
019dcdb2-35aa-7f11-801e-9074ed0457b2,Kagiso Getachew,male,0.93,11,child,ET,Ethiopia,0.69,2026-04-27T06:48:23Z
019dcdb2-35aa-7029-8002-17c479a89168,Paul Adjei,male,0.7,53,adult,CI,Côte d'Ivoire,0.28,2026-04-27T06:48:23Z
019dcdb2-3795-760d-8001-97239f36657d,Nomsa Tshuma,female,0.7,37,adult,ZM,Zambia,0.44,2026-04-27T06:48:24Z
019dcdb2-3796-7c7d-801a-bf4007a9ef82,Bekele Ouma,male,0.95,19,teenager,KM,Comoros,0.14,2026-04-27T06:48:24Z
019dcdb2-3796-7884-8004-456b5fe12bbf,Salma Khatib,female,0.74,16,teenager,SD,Sudan,0.84,2026-04-27T06:48:24Z
019dcdb2-3796-7c7a-8018-870748697a25,David Miller,male,0.76,13,teenager,FR,France,0.28,2026-04-27T06:48:24Z
019dcdb2-3796-799d-8008-bcd0c6010263,Femi Adjei,male,0.72,19,teenager,MR,Mauritania,0.89,2026-04-27T06:48:24Z
019dcdb2-3796-7a3b-800f-cc3b660e073d,Tebogo Dlamini,male,0.69,14,teenager,ZA,South Africa,0.18,2026-04-27T06:48:24Z
019dcdb2-3796-7836-800d-dcda24fa1682,Bienvenu Tshisekedi,male,0.8,9,child,CM,Cameroon,0.49,2026-04-27T06:48:24Z
019dcdb2-3796-7230-800e-4fd64fe71d0e,Youssef Filali,male,0.81,29,adult,SD,Sudan,0.16,2026-04-27T06:48:24Z
019dcdb2-3796-7d7f-801f-43b0941b90af,Sekai Tshuma,female,0.87,49,adult,ZW,Zimbabwe,0.37,2026-04-27T06:48:24Z
019dcdb2-3796-7fe3-8005-6804cbc5c353,Salma Kettani,female,0.88,21,adult,SD,Sudan,0.56,2026-04-27T06:48:24Z
019dcdb2-3796-7142-801c-8c2876c2c475,Assata Afolabi,female,0.73,44,adult,NG,Nigeria,0.68,2026-04-27T06:48:24Z
019dcdb2-3796-75b2-800e-a474b299742f,Paul Smith,male,0.84,14,teenager,US,United States,0.82,2026-04-27T06:48:24Z
019dcdb2-3796-7435-8008-c99a5073ae6f,Efua Adeyemi,female,0.76,70,senior,NG,Nigeria,0.78,2026-04-27T06:48:24Z
019dcdb2-3796-7ff0-8008-97453f7b7185,Shamiso Ndlovu,female,0.95,21,adult,ZW,Zimbabwe,0.67,2026-04-27T06:48:24Z
019dcdb2-3796-785f-8005-5f9cba1128ca,Lesego Sibanda,male,0.83,59,adult,ZW,Zimbabwe,0.81,2026-04-27T06:48:24Z
019dcdb2-3796-7977-801f-d12f10c26b70,Farah Kamau,male,0.93,51,adult,MG,Madagascar,0.92,2026-04-27T06:48:24Z
019dcdb2-3796-749a-8006-879a20c12312,Oumar Diallo,male,0.75,24,adult,NE,Niger,0.37,2026-04-27T06:48:24Z
019dcdb2-3796-71eb-801f-923cf585f6c9,Mark Garcia,male,0.9,6,child,IN,India,0.21,2026-04-27T06:48:24Z
019dcdb2-3796-7932-8009-ba55c89b13bb,Bongani Odhiambo,male,0.88,27,adult,MU,Mauritius,0.88,2026-04-27T06:48:24Z
019dcdb2-3796-79d5-8009-c07127a36266,Clarisse Sawadogo,female,0.7,81,senior,NG,Nigeria,0.53,2026-04-27T06:48:24Z
019dcdb2-3796-7e38-800e-5e0bf7dbea04,Franck Barro,male,0.89,41,adult,BF,Burkina Faso,0.36,2026-04-27T06:48:24Z
019dcdb2-3796-7566-8015-42b623a31cdc,Ngozi Osei,female,0.87,17,teenager,GH,Ghana,0.71,2026-04-27T06:48:24Z
019dcdb2-3796-79ef-8011-e072ee85a9ff,Nompumelelo Mthembu,female,0.72,18,teenager,KE,Kenya,0.84,2026-04-27T06:48:24Z
019dcdb2-3796-79cd-8004-ca750d6375f2,Karim Mansouri,male,0.77,18,teenager,SD,Sudan,0.43,2026-04-27T06:48:24Z
019dcdb2-3796-706e-801b-d6627f815e2c,Adjoua Okonkwo,female,0.81,76,senior,BJ,Benin,0.66,2026-04-27T06:48:24Z
019dcdb2-3796-757a-8006-790deeb4abc2,Adhiambo Abdi,female,0.69,55,adult,KE,Kenya,0.91,2026-04-27T06:48:24Z
019dcdb2-3796-7351-801e-8afabca00fd4,Aminata Diallo,female,0.91,47,adult,MR,Mauritania,0.69,2026-04-27T06:48:24Z
019dcdb2-3796-77e4-8015-21cf88c2f86f,Yusuf Ndlovu,male,0.78,32,adult,ET,Ethiopia,0.26,2026-04-27T06:48:24Z
019dcdb2-3796-770f-8010-9df09746cc54,Hana Saidi,female,0.9,80,senior,SD,Sudan,0.49,2026-04-27T06:48:24Z
019dcdb2-3796-7de6-800c-91ee8f8593f9,Sipho Nyoni,male,0.83,56,adult,ZA,South Africa,0.51,2026-04-27T06:48:24Z
019dcdb2-3796-7c8d-8006-cf9d2685c2e9,Célestin Nkoghe,male,0.92,34,adult,GQ,Equatorial Guinea,0.33,2026-04-27T06:48:24Z
019dcdb2-3796-7107-800b-7d4edf7874c3,Omar Omar,male,0.78,83,senior,UG,Uganda,0.29,2026-04-27T06:48:24Z
019dcdb2-3796-7b8e-8014-a44f518c868c,George Nguyen,male,0.96,15,teenager,FR,France,0.29,2026-04-27T06:48:24Z
019dcdb2-3796-7087-8007-7d07e5ac3548,Almaz Warsame,female,0.82,67,senior,KE,Kenya,0.53,2026-04-27T06:48:24Z
019dcdb2-3796-7c41-8004-dff5b642cead,Othmane El Fassi,male,0.79,24,adult,EG,Egypt,0.31,2026-04-27T06:48:24Z
019dcdb2-3796-7c79-8000-8adcb94d60ab,Marguerite Bomboko,female,0.77,65,senior,CD,DR Congo,0.14,2026-04-27T06:48:24Z
019dcdb2-3796-7d06-8015-7d1a1ff335cc,Nompumelelo Dube,female,0.92,17,teenager,ZM,Zambia,0.82,2026-04-27T06:48:24Z
019dcdb2-3796-7b43-801b-f0c4300a6bc5,Tadesse Nxumalo,male,0.98,19,teenager,UG,Uganda,0.39,2026-04-27T06:48:24Z
019dcdb2-3796-75fb-800c-a17739527c04,Wairimu Odhiambo,female,0.66,37,adult,KE,Kenya,0.77,2026-04-27T06:48:24Z
019dcdb2-3796-7917-801d-1bda47156030,Betty Adams,female,0.65,19,teenager,JP,Japan,0.38,2026-04-27T06:48:24Z
019dcdb2-3796-7670-801c-edd29a2881c9,Mutua Nkosi,male,0.82,12,child,MG,Madagascar,0.26,2026-04-27T06:48:24Z
019dcdb2-3796-7832-801f-6436a7dea5f8,Mark Parker,male,0.89,60,senior,BR,Brazil,0.49,2026-04-27T06:48:24Z
019dcdb2-3796-7bcb-801f-1bff2fcf4584,Pierre Ondimba,male,0.81,47,adult,CM,Cameroon,0.57,2026-04-27T06:48:24Z
019dcdb2-3796-70f5-8005-ba31b695e066,Moussa Touré,male,0.91,29,adult,CI,Côte d'Ivoire,0.42,2026-04-27T06:48:24Z
019dcdb2-3796-7af7-8003-e1b64414e0c8,Adhiambo Njoroge,female,0.88,12,child,ET,Ethiopia,0.9,2026-04-27T06:48:24Z
019dcdb2-3796-7115-801b-e1d7b457e8fa,Abebe Abebe,male,0.96,28,adult,UG,Uganda,0.41,2026-04-27T06:48:24Z
019dcdb2-3796-7ca2-8014-60cfed8e0519,Cynthia Mitchell,female,0.67,45,adult,CN,China,0.33,2026-04-27T06:48:24Z
019dcdb2-3796-75d3-8019-b93f4cfd8b99,Rania Benhammou,female,0.77,53,adult,EG,Egypt,0.86,2026-04-27T06:48:24Z
019dcdb2-3796-7689-801f-a8b5560a09e1,Nomsa Abebe,female,0.83,42,adult,DJ,Djibouti,0.47,2026-04-27T06:48:24Z
019dcdb2-3796-70fd-8000-bf6fbdd8d648,Mamadou Barro,male,0.7,21,adult,NG,Nigeria,0.73,2026-04-27T06:48:24Z
019dcdb2-3796-7ef5-8010-32ea9ac1295f,Coumba Camara,female,0.86,32,adult,BF,Burkina Faso,0.59,2026-04-27T06:48:24Z
019dcdb2-3796-7a49-8004-583a81f20877,Zineb Bouazza,female,0.87,78,senior,TN,Tunisia,0.4,2026-04-27T06:48:24Z
019dcdb2-3796-70d2-801d-358071920e58,Tesfaye Haile,male,0.89,43,adult,KE,Kenya,0.2,2026-04-27T06:48:24Z
019dcdb2-3796-7505-800e-ffc7338cbce1,Thérèse Ping,female,0.79,54,adult,CG,Republic of the Congo,0.41,2026-04-27T06:48:24Z
019dcdb2-3796-7cbf-800e-8e2173e15c06,Tesfaye Alemu,male,0.98,24,adult,ET,Ethiopia,0.4,2026-04-27T06:48:24Z
019dcdb2-3796-7501-800c-d05bd0bb3939,Thandiwe Nxumalo,female,0.66,7,child,KE,Kenya,0.12,2026-04-27T06:48:24Z
019dcdb2-3796-73f1-801e-02306a6390c0,Walid Filali,male,0.69,79,senior,MA,Morocco,0.27,2026-04-27T06:48:24Z
019dcdb2-3796-7430-8013-b75f0bae4b60,Sadiya Getachew,female,0.67,86,senior,TZ,Tanzania,0.5,2026-04-27T06:48:24Z
019dcdb2-3796-7bf6-8011-e85aeb607021,Omar Desta,male,0.72,5,child,KE,Kenya,0.93,2026-04-27T06:48:24Z
019dcdb2-3796-774f-800a-712a6a0d674f,Richard Miller,male,0.87,74,senior,IN,India,0.42,2026-04-27T06:48:24Z
019dcdb2-3796-7cc5-800d-2c06fda0cc29,Sizwe Getachew,male,0.94,16,teenager,RW,Rwanda,0.89,2026-04-27T06:48:24Z
019dcdb2-3796-7862-8016-2dcdd788dc23,Dieudonné Mukendi,male,0.8,45,adult,CD,DR Congo,0.5,2026-04-27T06:48:24Z
019dcdb2-3796-7a6b-800e-49b2996606a4,Alexis Adjei,male,0.77,83,senior,CV,Cape Verde,0.16,2026-04-27T06:48:24Z
019dcdb2-3796-7d4f-800f-2907b780b938,Estelle Segla,female,0.7,10,child,EH,Western Sahara,0.71,2026-04-27T06:48:24Z
019dcdb2-3796-7c13-801c-81f657035bfa,Steven Thompson,male,0.84,7,child,FR,France,0.54,2026-04-27T06:48:24Z
019dcdb2-3796-7180-8002-b9e43a71e7c3,Omar Nkosi,male,0.9,7,child,MW,Malawi,0.61,2026-04-27T06:48:24Z
019dcdb2-3796-7769-8011-f3807b3c3054,Hicham Alaoui,male,0.98,31,adult,EG,Egypt,0.82,2026-04-27T06:48:24Z
019dcdb2-3796-7192-800f-4feffb34de23,Jeanne Kalonji,female,0.7,58,adult,CD,DR Congo,0.27,2026-04-27T06:48:24Z
019dcdb2-3796-73bc-8018-f3ea6189b42c,Bintou Okafor,female,0.88,27,adult,NG,Nigeria,0.72,2026-04-27T06:48:24Z
019dcdb2-3796-7c71-8009-33951248c160,Nomsa Mthembu,female,0.68,11,child,ZW,Zimbabwe,0.11,2026-04-27T06:48:24Z
019dcdb2-3796-7e09-8018-56e9dae2558e,Zodwa Mhlanga,female,0.78,54,adult,BW,Botswana,0.39,2026-04-27T06:48:24Z
019dcdb2-3796-7d97-8016-2ebfaaaf70e8,Tigist Odhiambo,female,0.66,49,adult,MZ,Mozambique,0.12,2026-04-27T06:48:24Z
019dcdb2-3796-71d9-800a-a3767e7ebd0d,Peace Lokossou,female,0.81,44,adult,TG,Togo,0.54,2026-04-27T06:48:24Z
019dcdb2-3796-7b91-800a-9cdf6e39b352,Tunde Sow,male,0.86,40,adult,NG,Nigeria,0.52,2026-04-27T06:48:24Z
019dcdb2-3796-7b92-8001-4fe6f9e8f034,William Wright,male,0.7,53,adult,FR,France,0.85,2026-04-27T06:48:24Z
019dcdb2-3796-774a-8008-9b6e4e845f52,Sekai Sibanda,female,0.95,71,senior,ZW,Zimbabwe,0.56,2026-04-27T06:48:24Z
019dcdb2-3796-7549-8001-eea9e203f5b1,Bienvenu Kalonji,male,0.85,60,senior,CM,Cameroon,0.75,2026-04-27T06:48:24Z
019dcdb2-3796-7592-801c-06cf2d9af1cf,Didier Barro,male,0.96,79,senior,NG,Nigeria,0.91,2026-04-27T06:48:24Z
019dcdb2-3796-7615-8008-4aceb0ce437c,Amanda Roberts,female,0.78,45,adult,DE,Germany,0.95,2026-04-27T06:48:24Z
019dcdb2-3796-7596-8017-ba0a29b8766b,Munashe Khumalo,male,0.75,54,adult,BW,Botswana,0.84,2026-04-27T06:48:24Z
019dcdb2-3796-7d52-800c-9b47030c0edc,Youssef Bennani,male,0.66,19,teenager,MA,Morocco,0.67,2026-04-27T06:48:24Z
019dcdb2-3796-75ca-8019-e09afddd55ff,Deborah Jones,female,0.97,48,adult,CN,China,0.28,2026-04-27T06:48:24Z
019dcdb2-3797-7a3f-8002-113b1ee37536,Akinyi Abebe,female,0.65,41,adult,KE,Kenya,0.8,2026-04-27T06:48:24Z
019dcdb2-3797-7fce-800e-6aa267c914d6,Joseph Williams,male,0.82,68,senior,US,United States,0.62,2026-04-27T06:48:24Z
019dcdb2-3797-7916-8002-d92bfd3c3b73,Peter Agbodji,male,0.71,77,senior,ML,Mali,0.44,2026-04-27T06:48:24Z
019dcdb2-3797-7db8-8003-6dc9b58a1519,Selamawit Bekele,female,0.78,31,adult,KE,Kenya,0.35,2026-04-27T06:48:24Z
019dcdb2-3797-789a-8006-7443a85ebf4b,Wairimu Mthembu,female,0.87,62,senior,KE,Kenya,0.85,2026-04-27T06:48:24Z
019dcdb2-3797-7b81-8009-864871ecd748,Ahmed Farah,male,0.82,27,adult,TZ,Tanzania,0.52,2026-04-27T06:48:24Z
019dcdb2-3797-7e8f-8004-83bd604ac584,Kola Diallo,male,0.79,78,senior,CI,Côte d'Ivoire,0.7,2026-04-27T06:48:24Z
019dcdb2-3797-7c4c-800b-45476eb8658b,Gloire Bomboko,female,0.71,49,adult,CD,DR Congo,0.47,2026-04-27T06:48:24Z
019dcdb2-3797-73f4-8004-0c56d1433e00,Ibrahim Alemu,male,0.73,23,adult,ET,Ethiopia,0.38,2026-04-27T06:48:24Z
019dcdb2-3797-7bb9-8017-511cc8523712,Kathleen Green,female,0.9,76,senior,US,United States,0.66,2026-04-27T06:48:24Z
019dcdb2-3797-7122-8006-b8206758e141,Malak Mansouri,female,0.92,25,adult,EG,Egypt,0.76,2026-04-27T06:48:24Z
019dcdb2-3797-7ac2-8005-5edcecc680e4,Thandiwe Haile,female,0.79,88,senior,UG,Uganda,0.57,2026-04-27T06:48:24Z
019dcdb2-3797-7994-8005-b817279f4766,Kofi Sow,male,0.95,5,child,ML,Mali,0.5,2026-04-27T06:48:24Z
019dcdb2-3797-7715-8003-a1e290655d98,Franck Okonkwo,male,0.9,65,senior,GH,Ghana,0.54,2026-04-27T06:48:24Z
019dcdb2-3797-7430-8006-57e35b28e9c5,Akinyi Khumalo,female,0.89,56,adult,RW,Rwanda,0.85,2026-04-27T06:48:24Z
019dcdb2-3797-7648-8008-467a45010175,Araba Okonkwo,female,0.94,30,adult,ML,Mali,0.23,2026-04-27T06:48:24Z
019dcdb2-3797-79f2-8013-eb721097e95d,Anthony Baker,male,0.65,41,adult,IN,India,0.7,2026-04-27T06:48:24Z
019dcdb2-3797-7977-8017-4d3a6cad17a0,Steven Turner,male,0.93,40,adult,DE,Germany,0.16,2026-04-27T06:48:24Z
019dcdb2-3a27-70d0-8018-51889d7ba41e,Othmane Khalil,male,0.98,45,adult,EG,Egypt,0.54,2026-04-27T06:48:24Z
019dcdb2-3a27-75b0-8007-addaa9395b15,Daniel Miller,male,0.89,54,adult,IN,India,0.69,2026-04-27T06:48:24Z
019dcdb2-3a27-7ebf-8004-84edbd52ca4d,Lisa Parker,female,0.89,86,senior,FR,France,0.62,2026-04-27T06:48:24Z
019dcdb2-3a27-768d-8004-9f465a0ff67f,Hirut Desta,female,0.72,85,senior,RW,Rwanda,0.78,2026-04-27T06:48:24Z
019dcdb2-3a27-7ea0-8006-f4f5fe5239c7,Tafadzwa Ndebele,male,0.66,58,adult,AO,Angola,0.7,2026-04-27T06:48:24Z
019dcdb2-3a27-7ab8-8009-0d4bf515701f,Lindiwe Mnguni,female,0.73,75,senior,NA,Namibia,0.87,2026-04-27T06:48:24Z
019dcdb2-3a27-7b58-801d-e98cc4add57b,Nokwanda Ncube,female,0.69,68,senior,ZA,South Africa,0.46,2026-04-27T06:48:24Z
019dcdb2-3a27-7b55-8014-04223e831bcc,Adhiambo Awino,female,0.76,56,adult,KE,Kenya,0.9,2026-04-27T06:48:24Z
019dcdb2-3a27-768e-8009-ef2fe80e3926,Yasmine Kettani,female,0.93,33,adult,SD,Sudan,0.14,2026-04-27T06:48:24Z
019dcdb2-3a27-7b2c-8018-59cfcfd8663a,Joseph Anderson,male,0.89,83,senior,FR,France,0.33,2026-04-27T06:48:24Z
019dcdb2-3a27-73ca-801d-c4030417ac7c,Khaled Chraibi,male,0.89,44,adult,SD,Sudan,0.92,2026-04-27T06:48:24Z
019dcdb2-3a27-7f7e-8002-ac1d032e4b27,Fanta Ouédraogo,female,0.97,57,adult,ML,Mali,0.4,2026-04-27T06:48:24Z
019dcdb2-3a27-734c-801b-66037ea08524,Rudo Dube,female,0.67,90,senior,ZA,South Africa,0.57,2026-04-27T06:48:24Z
019dcdb2-3a27-74ce-8001-d1eae656f49d,Hélène Adoula,female,0.83,87,senior,CM,Cameroon,0.93,2026-04-27T06:48:24Z
019dcdb2-3a27-7995-8010-d6bd04569c5c,Gloire Mba,female,0.85,48,adult,CM,Cameroon,0.48,2026-04-27T06:48:24Z
019dcdb2-3a27-7844-8000-6178007bdd90,Ayasha Haile,female,0.85,68,senior,TZ,Tanzania,0.81,2026-04-27T06:48:24Z
019dcdb2-3a27-7724-801c-8c72a54eb91b,Chisom Asante,female,0.68,40,adult,BJ,Benin,0.52,2026-04-27T06:48:24Z
019dcdb2-3a27-78ec-8014-9b74b39d5a7b,Alexis Antwi,male,0.92,61,senior,CV,Cape Verde,0.67,2026-04-27T06:48:24Z
019dcdb2-3a27-7cce-8009-8f9749154c8e,Mulu Ouma,female,0.82,85,senior,SO,Somalia,0.19,2026-04-27T06:48:24Z
019dcdb2-3a27-7535-8005-7a1c0d3ca87f,Lindiwe Mhlanga,female,0.71,32,adult,ZW,Zimbabwe,0.69,2026-04-27T06:48:24Z
019dcdb2-3a27-7f17-801c-0ee04e8b5b86,Laura Adams,female,0.98,14,teenager,CA,Canada,0.19,2026-04-27T06:48:24Z
019dcdb2-3a27-7b61-800d-64104f5fab0f,Efua Traoré,female,0.72,78,senior,BJ,Benin,0.45,2026-04-27T06:48:24Z
019dcdb2-3a27-7147-8003-a45e189fa720,Richard Hounsou,male,0.89,40,adult,GN,Guinea,0.48,2026-04-27T06:48:24Z
019dcdb2-3a27-76ca-8005-b0525705be18,Anne Mukendi,female,0.78,5,child,CM,Cameroon,0.87,2026-04-27T06:48:24Z
019dcdb2-3a27-7e0a-8005-30bd792f06a4,Mariama Babatunde,female,0.7,87,senior,GW,Guinea-Bissau,0.53,2026-04-27T06:48:24Z
019dcdb2-3a27-709c-8010-5ad4e8a778c9,Kagiso Nkomo,male,0.82,37,adult,AO,Angola,0.42,2026-04-27T06:48:24Z
019dcdb2-3a27-7191-800c-74b0be19ba9c,Almaz Elmi,female,0.87,48,adult,ET,Ethiopia,0.43,2026-04-27T06:48:24Z
019dcdb2-3a27-776b-800f-e05f9a842a69,Rim Rachidi,female,0.93,28,adult,TN,Tunisia,0.7,2026-04-27T06:48:24Z
019dcdb2-3a27-7fd7-8008-0c4130ba716f,Betty Perez,female,0.91,63,senior,FR,France,0.94,2026-04-27T06:48:24Z
019dcdb2-3a27-774b-8018-bb5a7c41c4e0,Lisa King,female,0.82,31,adult,BR,Brazil,0.57,2026-04-27T06:48:24Z
019dcdb2-3a27-7d73-8012-6871e076c354,Emmanuel Nikiéma,male,0.91,14,teenager,GH,Ghana,0.47,2026-04-27T06:48:24Z
019dcdb2-3a27-78e2-8010-68eea78f21cc,Adjoua Agbodji,female,0.75,89,senior,GH,Ghana,0.33,2026-04-27T06:48:24Z
019dcdb2-3a27-70b5-8002-03b4a6009d82,Estelle Compaoré,female,0.91,26,adult,NG,Nigeria,0.64,2026-04-27T06:48:24Z
019dcdb2-3a27-7431-8013-3a55b2b4fb60,Kunle Hounsou,male,0.96,29,adult,NG,Nigeria,0.22,2026-04-27T06:48:24Z
019dcdb2-3a27-76af-801f-3a7dc2be445a,Thabo Mpofu,male,0.76,37,adult,ZA,South Africa,0.52,2026-04-27T06:48:24Z
019dcdb2-3a27-7ecf-8019-b26936511741,Jason Torres,male,0.81,18,teenager,IN,India,0.4,2026-04-27T06:48:24Z
019dcdb2-3a27-7787-800d-aba7f6137008,Hauwa Mwangi,female,0.65,83,senior,UG,Uganda,0.64,2026-04-27T06:48:24Z
019dcdb2-3a27-7548-8006-420e42f725f4,Zakaria Amrani,male,0.68,47,adult,MA,Morocco,0.54,2026-04-27T06:48:24Z
019dcdb2-3a27-7d71-800d-9134226c65b2,Peter Okafor,male,0.75,26,adult,LR,Liberia,0.91,2026-04-27T06:48:24Z
019dcdb2-3a27-733a-801a-7cbc6332b69f,Esi Okonkwo,female,0.93,42,adult,TG,Togo,0.49,2026-04-27T06:48:24Z
019dcdb2-3a27-7570-8003-30a0e4abe7bf,Selamawit Kamau,female,0.86,43,adult,KE,Kenya,0.22,2026-04-27T06:48:24Z
019dcdb2-3a27-75a3-8010-3abdb099b550,Ramatu Ouma,female,0.8,38,adult,SC,Seychelles,0.93,2026-04-27T06:48:24Z
019dcdb2-3a27-7b97-800f-d8ac11a63072,Kagiso Ndebele,male,0.87,23,adult,ZA,South Africa,0.39,2026-04-27T06:48:24Z
019dcdb2-3a27-7929-8012-3cbedf6fcb34,Tariro Tshuma,female,0.84,45,adult,AO,Angola,0.58,2026-04-27T06:48:24Z
019dcdb2-3a27-7784-8001-0c7cf8759841,Yeshi Haile,female,0.75,24,adult,KM,Comoros,0.83,2026-04-27T06:48:24Z
019dcdb2-3a27-7406-8008-06b8420face8,Selamawit Achieng,female,0.85,34,adult,KE,Kenya,0.92,2026-04-27T06:48:24Z
019dcdb2-3a27-7bd7-8019-f5780c862f7d,Joshua Allen,male,0.67,54,adult,US,United States,0.57,2026-04-27T06:48:24Z
019dcdb2-3a27-7517-800a-f8b3b2440432,Mercy Segla,female,0.76,21,adult,GH,Ghana,0.67,2026-04-27T06:48:24Z
019dcdb2-3a27-75fd-8003-43c0c4835f45,Ade Eze,male,0.7,59,adult,GH,Ghana,0.46,2026-04-27T06:48:24Z
019dcdb2-3a28-7036-8005-805bcd5d631d,Kojo Antwi,male,0.82,45,adult,GH,Ghana,0.9,2026-04-27T06:48:24Z
019dcdb2-3a28-709a-8013-ffcaae9755df,Nyasha Ndlovu,female,0.71,22,adult,NA,Namibia,0.53,2026-04-27T06:48:24Z
019dcdb2-3a28-7b4c-800e-6ad9d61ff40d,Zulai Jama,female,0.82,40,adult,SO,Somalia,0.75,2026-04-27T06:48:24Z
019dcdb2-3a28-7a65-800f-8cb2ea5b0362,Franck Zinsou,male,0.73,53,adult,TG,Togo,0.87,2026-04-27T06:48:24Z
019dcdb2-3a28-7b60-801a-3ccac6e47da9,Nana Afolabi,male,0.93,74,senior,SL,Sierra Leone,0.82,2026-04-27T06:48:24Z
019dcdb2-3a28-7c64-800a-75df5101ac85,Oumou Okafor,female,0.77,26,adult,MR,Mauritania,0.65,2026-04-27T06:48:24Z
019dcdb2-3a28-76f3-8015-a0f0647b318b,Wanja Mengistu,female,0.76,70,senior,KE,Kenya,0.78,2026-04-27T06:48:24Z
019dcdb2-3a28-7f53-800e-2224ca5493bf,Tesfaye Abdi,male,0.66,87,senior,UG,Uganda,0.46,2026-04-27T06:48:24Z
019dcdb2-3a28-7fb3-801d-ca4019031b5c,Selamawit Ouma,female,0.71,6,child,ET,Ethiopia,0.34,2026-04-27T06:48:24Z
019dcdb2-3a28-7ffc-800f-1add9a57d04c,Girma Jama,male,0.91,5,child,MG,Madagascar,0.45,2026-04-27T06:48:24Z
019dcdb2-3a28-7c4d-8001-32396d660a41,Tanaka Mhlanga,male,0.77,22,adult,AO,Angola,0.56,2026-04-27T06:48:24Z
019dcdb2-3a28-7671-8008-63e38b65e14d,Amenan Diallo,female,0.85,22,adult,CI,Côte d'Ivoire,0.13,2026-04-27T06:48:24Z
019dcdb2-3a28-773c-8000-f8010dc447ba,Kwame Sow,male,0.94,9,child,GM,Gambia,0.13,2026-04-27T06:48:24Z
019dcdb2-3a28-7d58-8006-a6efb9d91afe,Nandi Mthembu,female,0.96,66,senior,ZA,South Africa,0.54,2026-04-27T06:48:24Z
019dcdb2-3a28-738f-8002-81b7867056a8,Fanta Compaoré,female,0.65,29,adult,NG,Nigeria,0.37,2026-04-27T06:48:24Z
019dcdb2-3a28-7561-8018-8cf421924fb1,Robert Turner,male,0.71,30,adult,IN,India,0.2,2026-04-27T06:48:24Z
019dcdb2-3a28-75d4-8011-9da00571408d,Njeri Ndlovu,female,0.93,50,adult,DJ,Djibouti,0.43,2026-04-27T06:48:24Z
019dcdb2-3a28-72b7-8002-bf21ec9bab5d,Mark Olawale,male,0.99,51,adult,NE,Niger,0.84,2026-04-27T06:48:24Z
019dcdb2-3a28-77a7-8009-355549b47eff,Tatenda Mpofu,male,0.77,54,adult,ST,São Tomé and Príncipe,0.42,2026-04-27T06:48:24Z
019dcdb2-3a28-7ed6-8006-df86a488399f,Hassan Achieng,male,0.86,60,senior,TZ,Tanzania,0.1,2026-04-27T06:48:24Z
019dcdb2-3a28-7111-800e-d61f94558af8,René Gizenga,male,0.72,46,adult,CM,Cameroon,0.48,2026-04-27T06:48:24Z
019dcdb2-3a28-7a4f-800b-5e8c62511070,Akua Sidibé,female,0.74,5,child,GM,Gambia,0.65,2026-04-27T06:48:24Z
019dcdb2-3a28-74ac-8010-f52c65e63e56,Aster Alemu,female,0.67,36,adult,UG,Uganda,0.78,2026-04-27T06:48:24Z
019dcdb2-3a28-7ddd-800b-d949b17560de,Khaled Kettani,male,0.68,88,senior,DZ,Algeria,0.35,2026-04-27T06:48:24Z
019dcdb2-3a28-7745-801f-569274063a22,Nandi Njoroge,female,0.74,21,adult,TZ,Tanzania,0.51,2026-04-27T06:48:24Z
019dcdb2-3a28-7554-8014-41bb437a3c79,Samir Khalil,male,0.86,75,senior,EG,Egypt,0.67,2026-04-27T06:48:24Z
019dcdb2-3a28-7aef-8010-83b8224642c3,Linda Brown,female,0.73,28,adult,CN,China,0.38,2026-04-27T06:48:24Z
019dcdb2-3a28-7c3f-8001-812f13077c9a,Odhiambo Adhiambo,male,0.7,26,adult,TZ,Tanzania,0.43,2026-04-27T06:48:24Z
019dcdb2-3a28-7986-8018-0067d51907a0,Louis Adoula,male,0.75,52,adult,CM,Cameroon,0.63,2026-04-27T06:48:24Z
019dcdb2-3a28-7d6f-8015-364e2faf66dd,Otieno Mwangi,male,0.78,16,teenager,ET,Ethiopia,0.21,2026-04-27T06:48:24Z
019dcdb2-3a28-7053-800d-87c3b02c0912,Akosua Olawale,female,0.95,25,adult,MR,Mauritania,0.65,2026-04-27T06:48:24Z
019dcdb2-3a28-71f6-800e-4819404722b0,Tunde Sawadogo,male,0.95,16,teenager,NG,Nigeria,0.37,2026-04-27T06:48:24Z
019dcdb2-3a28-77b4-8018-c4f033cab3c9,Afia Gbagbo,female,0.93,7,child,GH,Ghana,0.48,2026-04-27T06:48:24Z
019dcdb2-3a28-749b-801d-ed10583cac59,William Nguyen,male,0.82,32,adult,GB,United Kingdom,0.66,2026-04-27T06:48:24Z
019dcdb2-3a28-74d7-8008-852b798ede6f,Bilkisu Awino,female,0.84,24,adult,TZ,Tanzania,0.81,2026-04-27T06:48:24Z
019dcdb2-3a28-7ad7-8006-3804f618c272,Aya Chraibi,female,0.85,27,adult,TN,Tunisia,0.72,2026-04-27T06:48:24Z
019dcdb2-3a28-79b9-8012-bf31cfe690b4,François Nguema,male,0.72,40,adult,CD,DR Congo,0.2,2026-04-27T06:48:24Z
019dcdb2-3a28-741c-800c-f8cc2cfbf25f,Halima Abdi,female,0.79,42,adult,SS,South Sudan,0.42,2026-04-27T06:48:24Z
019dcdb2-3a28-733a-8009-cca7c683e3cf,Florentine Touré,female,0.81,32,adult,NG,Nigeria,0.81,2026-04-27T06:48:24Z
019dcdb2-3a28-72b6-8003-ae915e180ab9,Getachew Mohamed,male,0.88,42,adult,BI,Burundi,0.88,2026-04-27T06:48:24Z
019dcdb2-3a28-76d6-800b-548c4aa81581,Daniel Evans,male,0.97,65,senior,US,United States,0.2,2026-04-27T06:48:24Z
019dcdb2-3a28-780c-8013-f701d1744628,Djeneba Tapsoba,female,0.83,60,senior,GH,Ghana,0.36,2026-04-27T06:48:24Z
019dcdb2-3a28-7bf5-800c-605290f9fcc3,Adjoua Dao,female,0.8,46,adult,CI,Côte d'Ivoire,0.3,2026-04-27T06:48:24Z
019dcdb2-3a28-76b5-800f-ccea1d8effcb,Thabo Cele,male,0.89,57,adult,ZA,South Africa,0.53,2026-04-27T06:48:24Z
019dcdb2-3a28-7677-8005-41ae0cc4a83d,Boubacar Sow,male,0.73,8,child,TG,Togo,0.21,2026-04-27T06:48:24Z
019dcdb2-3a28-785e-800b-80403cfee5f2,Deborah Anderson,female,0.84,77,senior,CN,China,0.3,2026-04-27T06:48:24Z
019dcdb2-3a28-7eee-8001-886f2fad79ec,Farai Cele,male,0.75,23,adult,ZA,South Africa,0.46,2026-04-27T06:48:24Z
019dcdb2-3a28-783c-800e-ee467e39a0e8,Wairimu Farah,female,0.88,10,child,MG,Madagascar,0.39,2026-04-27T06:48:24Z
019dcdb2-3a28-7653-800d-730dde754246,Gary Taylor,male,0.66,36,adult,CA,Canada,0.76,2026-04-27T06:48:24Z
019dcdb2-3a28-731d-800f-a749c9dd3079,Hassan Berrada,male,0.81,7,child,SD,Sudan,0.15,2026-04-27T06:48:24Z
019dcdb2-3a28-7219-8002-1d28d312a914,Fatima Rachidi,female,0.79,51,adult,EG,Egypt,0.65,2026-04-27T06:48:24Z
019dcdb2-3cf9-746a-8005-0ff1ffdf5223,Amira Bennani,female,0.72,74,senior,EG,Egypt,0.47,2026-04-27T06:48:25Z
019dcdb2-3cf9-789e-801a-37335229d674,Abdi Bekele,male,0.94,31,adult,UG,Uganda,0.77,2026-04-27T06:48:25Z
019dcdb2-3cf9-7478-8017-07b10b80397e,Honorine Antwi,female,0.68,70,senior,GH,Ghana,0.91,2026-04-27T06:48:25Z
019dcdb2-3cf9-78db-8010-8eddac7d51cd,Halima Mnguni,female,0.81,56,adult,MW,Malawi,0.55,2026-04-27T06:48:25Z
019dcdb2-3cf9-70aa-801b-858b54bf7629,Nomsa Abdi,female,0.89,36,adult,BI,Burundi,0.55,2026-04-27T06:48:25Z
019dcdb2-3cf9-7dd5-8006-a3ca42adc711,Favour Mensah,female,0.76,32,adult,TG,Togo,0.24,2026-04-27T06:48:25Z
019dcdb2-3cf9-74e2-8004-f611d7202319,Mariama Dossou,female,0.82,88,senior,NG,Nigeria,0.27,2026-04-27T06:48:25Z
019dcdb2-3cf9-7c73-800d-b8c2634d80ac,Jeffrey Harris,male,0.84,20,adult,BR,Brazil,0.82,2026-04-27T06:48:25Z
019dcdb2-3cf9-786b-8013-023b1cdbaa0d,Walid Tahir,male,0.93,13,teenager,EG,Egypt,0.9,2026-04-27T06:48:25Z
019dcdb2-3cf9-750d-8018-4d9882a97986,Rachid Khalil,male,0.78,17,teenager,EG,Egypt,0.12,2026-04-27T06:48:25Z
019dcdb2-3cf9-7e2a-8007-2e8f066a49a3,Bintou Agbodji,female,0.83,40,adult,EH,Western Sahara,0.29,2026-04-27T06:48:25Z
019dcdb2-3cf9-7f7e-8012-3640d7cf4e6a,Ngozi Eze,female,0.82,54,adult,BF,Burkina Faso,0.52,2026-04-27T06:48:25Z
019dcdb2-3cf9-730d-8011-8f996535fa0b,Maame Nikiéma,female,0.85,7,child,NG,Nigeria,0.32,2026-04-27T06:48:25Z
019dcdb2-3cf9-782d-8000-47f4c329a907,Amira Rachidi,female,0.69,28,adult,MA,Morocco,0.32,2026-04-27T06:48:25Z
019dcdb2-3cf9-733d-801a-2bddb8202496,Emeka Igwe,male,0.72,32,adult,LR,Liberia,0.26,2026-04-27T06:48:25Z
019dcdb2-3cf9-7d0f-801d-84c47b6191a5,Munashe Shabalala,male,0.76,84,senior,ZA,South Africa,0.74,2026-04-27T06:48:25Z
019dcdb2-3cf9-777c-800c-f8fcff0ac456,Amadou Sidibé,male,0.82,51,adult,SL,Sierra Leone,0.59,2026-04-27T06:48:25Z
019dcdb2-3cf9-7e00-8000-c6eca0791ab1,Kojo Camara,male,0.71,12,child,NG,Nigeria,0.1,2026-04-27T06:48:25Z
019dcdb2-3cf9-7174-8001-2967860b3298,Margaret Baker,female,0.95,12,child,GB,United Kingdom,0.61,2026-04-27T06:48:25Z
019dcdb2-3cf9-72fa-800b-34f29fd28bf3,Dina Amrani,female,0.85,21,adult,SD,Sudan,0.63,2026-04-27T06:48:25Z
019dcdb2-3cf9-7284-801e-3ddd20032f6d,Maryam Omar,female,0.74,19,teenager,KE,Kenya,0.65,2026-04-27T06:48:25Z
019dcdb2-3cf9-70ee-8010-da5d9e75fc76,Tanaka Nkosi,male,0.85,32,adult,LS,Lesotho,0.24,2026-04-27T06:48:25Z
019dcdb2-3cf9-7658-8019-27408a997e31,Kagiso Jama,male,0.7,40,adult,KE,Kenya,0.6,2026-04-27T06:48:25Z
019dcdb2-3cf9-7eca-8006-b2b30405ff82,Awino Abebe,female,0.99,44,adult,RW,Rwanda,0.46,2026-04-27T06:48:25Z
019dcdb2-3cf9-7805-8017-9c2642458d15,Desta Mwangi,male,0.88,23,adult,MZ,Mozambique,0.4,2026-04-27T06:48:25Z
019dcdb2-3cf9-7dc3-8003-63da5eefb64f,Peace Tchalla,female,0.89,43,adult,BJ,Benin,0.15,2026-04-27T06:48:25Z
019dcdb2-3cfa-77da-8011-8dc0bab15646,Mazvita Mhlanga,female,0.8,7,child,NA,Namibia,0.24,2026-04-27T06:48:25Z
019dcdb2-3cfa-7349-8016-94b643140b0b,Lindiwe Khumalo,female,0.71,54,adult,ZW,Zimbabwe,0.5,2026-04-27T06:48:25Z
019dcdb2-3cfa-799e-800c-c21492d1a00b,Joie Mboumba,female,0.9,42,adult,CD,DR Congo,0.55,2026-04-27T06:48:25Z
019dcdb2-3cfa-7663-801e-3318fc72229c,Tinashe Mhlanga,male,0.69,45,adult,ZA,South Africa,0.14,2026-04-27T06:48:25Z
019dcdb2-3cfa-77d2-8007-fccc2cd31945,Jama Mnguni,male,0.9,29,adult,UG,Uganda,0.21,2026-04-27T06:48:25Z
019dcdb2-3cfa-782f-8016-06f7434a8f13,Nadia Khatib,female,0.69,15,teenager,TN,Tunisia,0.11,2026-04-27T06:48:25Z
019dcdb2-3cfa-7f80-8007-d8ae5dbb7d51,Cynthia Nelson,female,0.68,30,adult,JP,Japan,0.18,2026-04-27T06:48:25Z
019dcdb2-3cfa-7ba8-800a-286b7544bf6d,Abdi Waweru,male,0.99,26,adult,ET,Ethiopia,0.23,2026-04-27T06:48:25Z
019dcdb2-3cfa-70cc-800f-540649c90739,Claire Tshisekedi,female,0.68,81,senior,CD,DR Congo,0.76,2026-04-27T06:48:25Z
019dcdb2-3cfa-76d1-8008-dee91452fc46,Nadia Mansouri,female,0.75,14,teenager,TN,Tunisia,0.23,2026-04-27T06:48:25Z
019dcdb2-3cfa-7139-800b-c809f75a8459,Joseph Asante,male,0.75,48,adult,NG,Nigeria,0.79,2026-04-27T06:48:25Z
019dcdb2-3cfa-7d72-8001-ec53e18489c2,Mercy Antwi,female,0.98,56,adult,NG,Nigeria,0.83,2026-04-27T06:48:25Z
019dcdb2-3cfa-7945-800a-e8f173113269,Véronique Mba,female,0.91,84,senior,CM,Cameroon,0.85,2026-04-27T06:48:25Z
019dcdb2-3cfa-7687-8010-1d6d6ff4830c,Ndéye Dao,female,0.78,32,adult,NE,Niger,0.55,2026-04-27T06:48:25Z
019dcdb2-3cfa-7f66-8011-d54cfe0f78f0,Ouma Awino,male,0.96,41,adult,UG,Uganda,0.85,2026-04-27T06:48:25Z
019dcdb2-3cfa-7b0b-801d-f1acb4791935,Tadesse Girma,male,0.99,46,adult,UG,Uganda,0.93,2026-04-27T06:48:25Z
019dcdb2-3cfa-756e-8003-43a6e8de3a13,François Kasavubu,male,0.93,5,child,CG,Republic of the Congo,0.32,2026-04-27T06:48:25Z
019dcdb2-3cfa-762c-801d-45f024b9bb0f,Oumar Sawadogo,male,0.74,30,adult,GH,Ghana,0.32,2026-04-27T06:48:25Z
019dcdb2-3cfa-7441-800c-3db6f3f8100c,Stephanie Campbell,female,0.74,85,senior,IN,India,0.25,2026-04-27T06:48:25Z
019dcdb2-3cfa-7500-8018-cdb5bde4431b,Mekdes Elmi,female,0.9,43,adult,UG,Uganda,0.34,2026-04-27T06:48:25Z
019dcdb2-3cfa-7128-800d-29abaf6910fa,Zulai Hassan,female,0.71,66,senior,RW,Rwanda,0.76,2026-04-27T06:48:25Z
019dcdb2-3cfa-79b0-8016-d3af5130874d,Tadesse Desta,male,0.92,23,adult,RW,Rwanda,0.47,2026-04-27T06:48:25Z
019dcdb2-3cfa-7afa-8004-42f30ecc984f,Mwangi Nkosi,male,0.99,42,adult,SS,South Sudan,0.83,2026-04-27T06:48:25Z
019dcdb2-3cfa-78ae-8006-9c1ce700e8c3,Tatenda Ndebele,male,0.89,10,child,ST,São Tomé and Príncipe,0.66,2026-04-27T06:48:25Z
019dcdb2-3cfa-7bf5-8018-8f4ed3fc5392,John Martin,male,0.92,18,teenager,US,United States,0.27,2026-04-27T06:48:25Z
019dcdb2-3cfa-723f-8003-1918bfd27c85,Munashe Mpofu,male,0.65,32,adult,ZA,South Africa,0.88,2026-04-27T06:48:25Z
019dcdb2-3cfa-7da3-801c-e8168970b1bf,Maryam Abebe,female,0.77,48,adult,RW,Rwanda,0.64,2026-04-27T06:48:25Z
019dcdb2-3cfa-7594-801d-b565d4e8c64c,Peter Barro,male,0.86,44,adult,GH,Ghana,0.86,2026-04-27T06:48:25Z
019dcdb2-3cfa-7860-8000-e1825b2cad78,Samir Tahir,male,0.71,8,child,EG,Egypt,0.64,2026-04-27T06:48:25Z
019dcdb2-3cfa-7513-8019-eb1ce65a87d0,Nandi Ouma,female,0.71,36,adult,MG,Madagascar,0.67,2026-04-27T06:48:25Z
019dcdb2-3cfa-700f-8003-f572b4026d1e,Segun Afolabi,male,0.78,59,adult,GH,Ghana,0.91,2026-04-27T06:48:25Z
019dcdb2-3cfa-7fef-8000-84f7f922b8ef,Kunle Diallo,male,0.9,36,adult,BJ,Benin,0.23,2026-04-27T06:48:25Z
019dcdb2-3cfa-7536-8006-34a499bceef9,Généreuse Ping,female,0.79,40,adult,CM,Cameroon,0.2,2026-04-27T06:48:25Z
019dcdb2-3cfa-7a60-8000-6290e52a39e5,Aster Ouma,female,0.74,68,senior,RW,Rwanda,0.36,2026-04-27T06:48:25Z
019dcdb2-3cfa-76c7-801a-b0ab2e84e706,Zanele Desta,female,0.99,15,teenager,SC,Seychelles,0.57,2026-04-27T06:48:25Z
019dcdb2-3cfa-7ef6-8005-048d04b7042d,Rachid Kettani,male,0.71,40,adult,EG,Egypt,0.8,2026-04-27T06:48:25Z
019dcdb2-3cfa-70ae-8000-0d5388aad225,Farah Ndlovu,male,0.98,46,adult,KE,Kenya,0.92,2026-04-27T06:48:25Z
019dcdb2-3cfa-7a14-8009-41147acdef1b,Ashley Thompson,female,0.89,5,child,CN,China,0.33,2026-04-27T06:48:25Z
019dcdb2-3cfa-72d2-8000-4e505952b5c0,Fiifi Chukwu,male,0.83,23,adult,CI,Côte d'Ivoire,0.24,2026-04-27T06:48:25Z
019dcdb2-3cfa-7546-8003-e95f5254af6c,Kamau Desta,male,0.65,10,child,UG,Uganda,0.37,2026-04-27T06:48:25Z
019dcdb2-3cfa-7af1-8000-4e5cac872587,Adwoa Babatunde,female,0.67,31,adult,LR,Liberia,0.56,2026-04-27T06:48:25Z
019dcdb2-3cfa-707d-801c-599679d9a749,Nabil Khalil,male,0.96,35,adult,SD,Sudan,0.92,2026-04-27T06:48:25Z
019dcdb2-3cfa-7e7e-8001-f6c72127c0f6,Segun Camara,male,0.76,5,child,GH,Ghana,0.94,2026-04-27T06:48:25Z
019dcdb2-3cfa-7f37-800a-fdd1eaf49611,Joy Olawale,female,0.79,44,adult,CV,Cape Verde,0.85,2026-04-27T06:48:25Z
019dcdb2-3cfa-766e-8008-a0231d07752a,Théophile Kalonji,male,0.85,82,senior,CD,DR Congo,0.59,2026-04-27T06:48:25Z
019dcdb2-3cfb-7678-8002-10f04c822655,Dele Sidibé,male,0.72,87,senior,GM,Gambia,0.56,2026-04-27T06:48:25Z
019dcdb2-3cfb-7cf5-800e-32862b9d4161,Adjoua Adomou,female,0.78,29,adult,BJ,Benin,0.11,2026-04-27T06:48:25Z
019dcdb2-3cfb-7e51-8000-666425e143a8,Youssef Bouazza,male,0.78,50,adult,EG,Egypt,0.49,2026-04-27T06:48:25Z
019dcdb2-3cfb-70c4-801c-08fe7bcdafa6,Yaa Segla,female,0.73,90,senior,GN,Guinea,0.43,2026-04-27T06:48:25Z
019dcdb2-3cfb-7214-800b-cbbb27d7417b,Charles Williams,male,0.97,21,adult,IN,India,0.32,2026-04-27T06:48:25Z
019dcdb2-3cfb-7807-800d-acd22cd0a7a4,Honorine Touré,female,0.66,49,adult,GH,Ghana,0.33,2026-04-27T06:48:25Z
019dcdb2-3cfb-741f-8002-eabfcef11e03,Rakiya Khumalo,female,0.84,26,adult,ET,Ethiopia,0.18,2026-04-27T06:48:25Z
019dcdb2-3cfb-772c-8016-d45f34cf09d1,Sandra Thompson,female,0.94,35,adult,GB,United Kingdom,0.26,2026-04-27T06:48:25Z
019dcdb2-3cfb-7e16-8017-2d767bac5af8,Afia Darko,female,0.96,64,senior,ML,Mali,0.32,2026-04-27T06:48:25Z
019dcdb2-3cfb-78b5-801d-0c01f69b70b9,Wanjiru Girma,female,0.95,58,adult,KE,Kenya,0.35,2026-04-27T06:48:25Z
019dcdb2-3cfb-753e-800f-bf73719bd2e0,Lerato Mnguni,male,0.74,18,teenager,ET,Ethiopia,0.23,2026-04-27T06:48:25Z
019dcdb2-3cfb-772b-801b-4f96354e5f47,Mekdes Njoroge,female,0.76,86,senior,TZ,Tanzania,0.49,2026-04-27T06:48:25Z
019dcdb2-3cfb-73c2-8010-a0eb18d792d8,Kwame Darko,male,0.65,85,senior,BJ,Benin,0.94,2026-04-27T06:48:25Z
019dcdb2-3cfb-7f3f-8017-ad5bf3185e5e,Rumbidzai Masondo,female,0.98,25,adult,AO,Angola,0.64,2026-04-27T06:48:25Z
019dcdb2-3cfb-7f81-8016-4b21bdc6a6e1,Hafsat Njoroge,female,0.94,70,senior,KE,Kenya,0.63,2026-04-27T06:48:25Z
019dcdb2-3cfb-7e0d-801c-8a1f6db815ac,Ryan Evans,male,0.77,47,adult,FR,France,0.76,2026-04-27T06:48:25Z
019dcdb2-3cfb-70ae-800c-d661a203b94e,Lesego Masondo,male,0.73,39,adult,BW,Botswana,0.25,2026-04-27T06:48:25Z
019dcdb2-3cfb-7d8e-8005-c4e164186612,Lerato Masondo,male,0.9,29,adult,ST,São Tomé and Príncipe,0.69,2026-04-27T06:48:25Z
019dcdb2-3cfb-7b60-8002-a67d23436ca1,Rania El Fassi,female,0.85,41,adult,EG,Egypt,0.58,2026-04-27T06:48:25Z
019dcdb2-3cfb-7d47-8002-03e7346b6d2d,Nandi Ndebele,female,0.81,17,teenager,ZA,South Africa,0.67,2026-04-27T06:48:25Z
019dcdb2-3cfb-716e-8005-0b8c4bab0d48,Patient Nze,male,0.98,11,child,CD,DR Congo,0.83,2026-04-27T06:48:25Z
019dcdb2-3cfb-7c87-801c-b8e641473478,Hajar Kettani,female,0.71,55,adult,SD,Sudan,0.32,2026-04-27T06:48:25Z
019dcdb2-3cfb-70a6-8019-dd6fc850b9f3,Fanta Kponton,female,0.97,7,child,CI,Côte d'Ivoire,0.48,2026-04-27T06:48:25Z
019dcdb2-3cfb-7dec-8005-86b68f015707,Kariuki Ali,male,0.65,7,child,KE,Kenya,0.28,2026-04-27T06:48:25Z
019dcdb2-3cfb-70b1-800e-cbd6545d7fae,Ade Okafor,male,0.69,44,adult,NG,Nigeria,0.76,2026-04-27T06:48:25Z
019dcdb2-3cfb-70a6-8019-c3992c8a024b,Ifeoma Afolabi,female,0.97,52,adult,NG,Nigeria,0.94,2026-04-27T06:48:25Z
019dcdb2-3cfb-7d41-801f-f774f96377e7,Bayo Adjei,male,0.81,9,child,GM,Gambia,0.22,2026-04-27T06:48:25Z
019dcdb2-3cfb-7c1d-8016-642e23510c00,Shamiso Nxumalo,female,0.87,55,adult,NA,Namibia,0.65,2026-04-27T06:48:25Z
019dcdb2-3cfb-7eae-8012-17bcb25b21d9,Thomas Jones,male,0.98,40,adult,GB,United Kingdom,0.32,2026-04-27T06:48:25Z
019dcdb2-3ed4-7d35-8018-6e2791cdeefd,Rudo Ndlovu,male,0.65,36,adult,NA,Namibia,0.33,2026-04-27T06:48:25Z
019dcdb2-3ed5-7f19-800a-b653d9dbb3b3,Dorothy Allen,female,0.93,53,adult,GB,United Kingdom,0.61,2026-04-27T06:48:25Z
019dcdb2-3ed5-76a4-8004-459a87758a22,Patricia Thomas,female,0.72,23,adult,IN,India,0.48,2026-04-27T06:48:25Z
019dcdb2-3ed5-77e3-800f-a2608841687f,Nandi Awino,female,0.84,42,adult,BI,Burundi,0.78,2026-04-27T06:48:25Z
019dcdb2-3ed5-7c61-8010-a81ecf9c7306,Anne Kalonji,female,0.72,48,adult,CG,Republic of the Congo,0.66,2026-04-27T06:48:25Z
019dcdb2-3ed5-7d17-800c-243c0d47fe45,Walid Khalil,male,0.73,75,senior,EG,Egypt,0.65,2026-04-27T06:48:25Z
019dcdb2-3ed5-7198-8015-688234f8d6b1,Farah Abebe,male,0.7,47,adult,TZ,Tanzania,0.81,2026-04-27T06:48:25Z
019dcdb2-3ed5-7feb-8010-56c0f5ce1f99,Ebo Igwe,male,0.92,47,adult,SL,Sierra Leone,0.41,2026-04-27T06:48:25Z
019dcdb2-3ed5-72b9-8016-981e8775ad6d,Femi Tchalla,male,0.89,23,adult,GH,Ghana,0.21,2026-04-27T06:48:25Z
019dcdb2-3ed5-7682-801a-976fc212d368,Patricia Adams,female,0.79,40,adult,IN,India,0.29,2026-04-27T06:48:25Z
019dcdb2-3ed5-7e14-8005-05ea0771df16,William Anderson,male,0.97,70,senior,BR,Brazil,0.63,2026-04-27T06:48:25Z
019dcdb2-3ed5-7e54-8004-e8707a8e34cb,Ahmed Achieng,male,0.99,56,adult,DJ,Djibouti,0.48,2026-04-27T06:48:25Z
019dcdb2-3ed5-7d19-801d-c7970635279f,Franck Ouédraogo,male,0.8,21,adult,MR,Mauritania,0.72,2026-04-27T06:48:25Z
019dcdb2-3ed5-7867-8016-9582373bf3bd,Ifeoma Ouédraogo,female,0.91,78,senior,MR,Mauritania,0.56,2026-04-27T06:48:25Z
019dcdb2-3ed5-7085-8011-e1428cffd173,Clarisse Sow,female,0.75,22,adult,GH,Ghana,0.11,2026-04-27T06:48:25Z
019dcdb2-3ed5-708e-8018-81a490fbe782,Dorothy Davis,female,0.83,13,teenager,CA,Canada,0.61,2026-04-27T06:48:25Z
019dcdb2-3ed5-7435-8019-f386d23205ab,Nyasha Nkomo,female,0.95,50,adult,ZW,Zimbabwe,0.67,2026-04-27T06:48:25Z
019dcdb2-3ed5-7c34-8014-a1a66a77aec0,Nabil Rachidi,male,0.68,25,adult,SD,Sudan,0.5,2026-04-27T06:48:25Z
019dcdb2-3ed5-7859-8008-5c6c989ce70d,Njeri Ali,female,0.86,30,adult,SC,Seychelles,0.2,2026-04-27T06:48:25Z
019dcdb2-3ed5-7d1d-8010-e757c50eeddc,Marguerite Ping,female,0.78,44,adult,CM,Cameroon,0.41,2026-04-27T06:48:25Z
019dcdb2-3ed5-7f14-8011-29f9ffc97c63,James Hill,male,0.96,7,child,DE,Germany,0.63,2026-04-27T06:48:25Z
019dcdb2-3ed5-797e-8008-9db1569459fa,Malak Bennani,female,0.69,19,teenager,MA,Morocco,0.33,2026-04-27T06:48:25Z
019dcdb2-3ed5-7f0d-800e-efd670dc28d2,Tariro Nkomo,female,0.77,86,senior,AO,Angola,0.94,2026-04-27T06:48:25Z
019dcdb2-3ed5-7036-800f-c23f4281df23,Mumbi Abebe,female,0.66,15,teenager,KE,Kenya,0.63,2026-04-27T06:48:25Z
019dcdb2-3ed5-7164-8005-43a11091a79a,Ouma Waweru,male,0.94,57,adult,UG,Uganda,0.84,2026-04-27T06:48:25Z
019dcdb2-3ed5-7779-8001-116c5543de98,Afia Okafor,female,0.67,66,senior,CV,Cape Verde,0.5,2026-04-27T06:48:25Z
019dcdb2-3ed5-71d7-801b-49f1f3d133db,Fiifi Tchalla,male,0.97,27,adult,NG,Nigeria,0.81,2026-04-27T06:48:25Z
019dcdb2-3ed5-720b-8008-e9096f6e1a95,Marcel Bomboko,male,0.98,61,senior,CD,DR Congo,0.26,2026-04-27T06:48:25Z
019dcdb2-3ed5-702e-8019-c61422e5901c,Ramatu Ali,female,0.94,50,adult,KE,Kenya,0.6,2026-04-27T06:48:25Z
019dcdb2-3ed5-7dbc-8009-4ddc17e364cf,Rodrigue Hounsou,male,0.71,60,senior,GH,Ghana,0.1,2026-04-27T06:48:25Z
019dcdb2-3ed5-767c-800b-6d3a9db3875c,Bintou Coulibaly,female,0.92,83,senior,NG,Nigeria,0.22,2026-04-27T06:48:25Z
019dcdb2-3ed5-749b-800d-9b459f9def6e,Tariro Nkosi,female,0.91,35,adult,BW,Botswana,0.92,2026-04-27T06:48:25Z
019dcdb2-3ed5-7005-8009-de212f08982c,Michelle Johnson,female,0.95,59,adult,GB,United Kingdom,0.17,2026-04-27T06:48:25Z
019dcdb2-3ed5-76ae-801c-cfc870982827,Efua Touré,female,0.78,13,teenager,GH,Ghana,0.84,2026-04-27T06:48:25Z
019dcdb2-3ed5-7b18-800c-7157cd1eb68f,Amenan Antwi,female,0.77,40,adult,GH,Ghana,0.65,2026-04-27T06:48:25Z
019dcdb2-3ed5-77a9-801c-6a5f7e9edb10,Sharon Carter,female,0.77,75,senior,GB,United Kingdom,0.13,2026-04-27T06:48:25Z
019dcdb2-3ed5-7afe-8000-0ae7133bb8dc,Kevin Taylor,male,0.66,41,adult,FR,France,0.63,2026-04-27T06:48:25Z
019dcdb2-3ed5-7753-8018-22cbed1fbbba,Bayo Chukwu,male,0.76,88,senior,ML,Mali,0.71,2026-04-27T06:48:25Z
019dcdb2-3ed5-72b7-801f-1de9c4a094d2,Njoroge Waweru,male,0.66,34,adult,UG,Uganda,0.6,2026-04-27T06:48:25Z
019dcdb2-3ed5-7f01-800c-58c69a80bbb9,Richard Roberts,male,0.96,64,senior,GB,United Kingdom,0.55,2026-04-27T06:48:25Z
019dcdb2-3ed6-7a6f-8010-31bd116dd0ff,Ebo Keïta,male,0.98,50,adult,NG,Nigeria,0.36,2026-04-27T06:48:25Z
019dcdb2-3ed6-7ac9-8010-6e38ab97e29e,Michael Davis,male,0.75,39,adult,DE,Germany,0.49,2026-04-27T06:48:25Z
019dcdb2-3ed6-7ed9-801a-e3cf2e7362bd,Innocent Mobutu,male,0.89,37,adult,CD,DR Congo,0.27,2026-04-27T06:48:25Z
019dcdb2-3ed6-78da-8017-77abb8443b29,Girma Waweru,male,0.98,59,adult,TZ,Tanzania,0.78,2026-04-27T06:48:25Z
019dcdb2-3ed6-7b49-8006-e3558e00bcc4,Sadiya Mengistu,female,0.74,6,child,ET,Ethiopia,0.11,2026-04-27T06:48:25Z
019dcdb2-3ed6-7305-8017-c2616e574972,Mumbi Abdi,female,0.69,38,adult,RW,Rwanda,0.34,2026-04-27T06:48:25Z
019dcdb2-3ed6-7935-8012-aa7c6e07f62d,Mehdi Mansouri,male,0.77,49,adult,SD,Sudan,0.27,2026-04-27T06:48:25Z
019dcdb2-3ed6-7edf-800e-df79c36b80c9,Ayasha Otieno,female,0.7,28,adult,RW,Rwanda,0.31,2026-04-27T06:48:25Z
019dcdb2-3ed6-7e32-8008-942a3458a064,Louis Nze,male,0.77,17,teenager,CD,DR Congo,0.54,2026-04-27T06:48:25Z
019dcdb2-3ed6-7841-8010-fd3291da0fc1,Shamiso Mpofu,female,0.73,25,adult,ZW,Zimbabwe,0.71,2026-04-27T06:48:25Z
019dcdb2-3ed6-7b3f-8019-b4fa7f91d4ef,Ramatu Dlamini,female,0.66,68,senior,MG,Madagascar,0.95,2026-04-27T06:48:25Z
019dcdb2-3ed6-74eb-800d-069abad4a4f8,Fiifi Adeyemi,male,0.91,32,adult,NG,Nigeria,0.25,2026-04-27T06:48:25Z
019dcdb2-3ed6-7f6c-8011-2b45c5eedbc4,Farai Mhlanga,male,0.74,46,adult,LS,Lesotho,0.23,2026-04-27T06:48:25Z
019dcdb2-3ed6-7cea-8019-a549a2b21ce5,Awino Mengistu,female,0.71,30,adult,RW,Rwanda,0.76,2026-04-27T06:48:25Z
019dcdb2-3ed6-7ec2-800c-2527d00b3f3b,Ahmed Berrada,male,0.9,24,adult,DZ,Algeria,0.77,2026-04-27T06:48:25Z
019dcdb2-3ed6-754a-8010-d75b6ccec49f,Hiwot Hassan,female,0.9,20,adult,MZ,Mozambique,0.41,2026-04-27T06:48:25Z
019dcdb2-3ed6-7542-8004-a02dbde24f34,Tariq Amrani,male,0.71,16,teenager,MA,Morocco,0.71,2026-04-27T06:48:25Z
019dcdb2-3ed6-7fdc-801e-dce14b8e533d,Adhiambo Elmi,female,0.88,31,adult,MZ,Mozambique,0.22,2026-04-27T06:48:25Z
019dcdb2-3ed6-7923-8015-4a4af3bd80a0,Marguerite Eyeghe,female,0.93,70,senior,CM,Cameroon,0.64,2026-04-27T06:48:25Z
019dcdb2-3ed6-70d7-8006-dd29a470384f,Fiifi Okafor,male,0.85,28,adult,NG,Nigeria,0.31,2026-04-27T06:48:25Z
019dcdb2-3ed6-7cf3-801c-ce0e07f7f703,Waweru Girma,male,0.73,38,adult,DJ,Djibouti,0.93,2026-04-27T06:48:25Z
019dcdb2-3ed6-7b48-8018-12f2249f86dd,Sadiya Tesfaye,female,0.74,22,adult,KE,Kenya,0.28,2026-04-27T06:48:25Z
019dcdb2-3ed6-7fe3-800c-55f8571f7f76,Adwoa Okafor,female,0.7,29,adult,ML,Mali,0.11,2026-04-27T06:48:25Z
019dcdb2-3ed6-71db-800a-e4bb0a0d5918,Joshua Roberts,male,0.99,31,adult,GB,United Kingdom,0.54,2026-04-27T06:48:25Z
019dcdb2-3ed6-7acb-801d-7a3727f56c2b,Amara Kamau,male,0.67,35,adult,UG,Uganda,0.76,2026-04-27T06:48:25Z
019dcdb2-3ed6-7286-800e-5ef2ac52ba54,Tesfaye Ouma,male,0.94,26,adult,KE,Kenya,0.64,2026-04-27T06:48:25Z
019dcdb2-3ed6-77a8-801c-0cd67a06e7b3,Rakiya Kamau,female,0.97,5,child,MU,Mauritius,0.81,2026-04-27T06:48:25Z
019dcdb2-3ed6-732e-8016-846799ad6ec1,Halima Nxumalo,female,0.89,28,adult,RW,Rwanda,0.4,2026-04-27T06:48:25Z
019dcdb2-3ed6-75df-800f-a85e6526eb29,Rudo Mpofu,female,0.79,54,adult,NA,Namibia,0.83,2026-04-27T06:48:25Z
019dcdb2-3ed6-716d-800f-60d18425f3a9,Kariuki Elmi,male,0.72,59,adult,RW,Rwanda,0.61,2026-04-27T06:48:25Z
019dcdb2-3ed6-7cb3-8016-18f380211dde,Shamiso Cele,female,0.86,42,adult,ZA,South Africa,0.59,2026-04-27T06:48:25Z
019dcdb2-3ed6-7849-800b-c5f35a921bcd,Oumar Compaoré,male,0.69,28,adult,CI,Côte d'Ivoire,0.92,2026-04-27T06:48:25Z
019dcdb2-3ed6-72a1-8018-552deda6e911,Bongani Khumalo,male,0.91,14,teenager,AO,Angola,0.11,2026-04-27T06:48:25Z
019dcdb2-3ed6-7555-800a-ad1070a7721e,Barbara Torres,female,0.8,72,senior,FR,France,0.47,2026-04-27T06:48:25Z
019dcdb2-3ed6-788b-800a-07d66364d25d,Adaeze Adeyemi,female,0.95,39,adult,TG,Togo,0.37,2026-04-27T06:48:25Z
019dcdb2-3ed6-7f07-800d-d137f38f7a2b,Paul Allen,male,0.73,42,adult,IN,India,0.13,2026-04-27T06:48:25Z
019dcdb2-3ed6-79e8-801e-4ec2809bd06b,Adhiambo Shabalala,female,0.76,21,adult,UG,Uganda,0.18,2026-04-27T06:48:25Z
019dcdb2-3ed6-7fca-801f-a6517cfe4be5,Mutua Otieno,male,0.88,23,adult,TZ,Tanzania,0.65,2026-04-27T06:48:25Z
019dcdb2-3ed6-72b0-801e-b0da08e91eba,Themba Nxumalo,male,0.81,56,adult,NA,Namibia,0.89,2026-04-27T06:48:25Z
019dcdb2-3ed6-7a71-801d-f1266f499c2b,Ghita El Fassi,female,0.85,47,adult,EG,Egypt,0.68,2026-04-27T06:48:25Z
019dcdb2-3ed7-74d1-801c-427e902126a9,Maryam Tadesse,female,0.68,33,adult,SC,Seychelles,0.15,2026-04-27T06:48:25Z
019dcdb2-3ed7-7596-8010-32984ebc832e,Ahmed Filali,male,0.7,28,adult,TN,Tunisia,0.92,2026-04-27T06:48:25Z
019dcdb2-3ed7-71b0-800e-49b43a37c25a,Assata Tchalla,female,0.71,9,child,ML,Mali,0.23,2026-04-27T06:48:25Z
019dcdb2-3ed7-7759-8014-d522a85fbb56,Mulu Tadesse,female,0.87,88,senior,MG,Madagascar,0.44,2026-04-27T06:48:25Z
019dcdb2-3ed7-74b3-801f-9fed845b5f21,Femi Zongo,male,0.9,54,adult,BJ,Benin,0.46,2026-04-27T06:48:25Z
019dcdb2-3ed7-750b-8010-27b44b5f8adf,Miséricorde Nkoghe,female,0.81,6,child,GQ,Equatorial Guinea,0.81,2026-04-27T06:48:25Z
019dcdb2-3ed7-7908-8015-6a706ebfe956,André Adoula,male,0.7,37,adult,CM,Cameroon,0.88,2026-04-27T06:48:25Z
019dcdb2-3ed7-7c60-8003-5b225de606bb,Nancy Jackson,female,0.84,39,adult,BR,Brazil,0.26,2026-04-27T06:48:25Z
019dcdb2-3ed7-72ac-800c-e32515c3fa6a,Nandi Khumalo,female,0.66,10,child,ET,Ethiopia,0.38,2026-04-27T06:48:25Z
019dcdb2-3ed7-7929-8015-c376d6e6d2cf,Djeneba Nwosu,female,0.78,87,senior,SN,Senegal,0.61,2026-04-27T06:48:25Z
019dcdb2-3ed7-7256-8018-ec4353072869,Yusuf Nxumalo,male,0.96,36,adult,UG,Uganda,0.29,2026-04-27T06:48:25Z
019dcdb2-3ed7-7cd8-800e-5aef5e0bd35d,Honorine Zongo,female,0.79,49,adult,ML,Mali,0.31,2026-04-27T06:48:25Z
019dcdb2-3ed7-76f4-8010-d48a26ce412b,Kagiso Mthembu,male,0.85,58,adult,UG,Uganda,0.88,2026-04-27T06:48:25Z
019dcdb2-3ed7-7c30-800c-521c89cec871,Florentine Agyei,female,0.77,60,senior,BJ,Benin,0.85,2026-04-27T06:48:25Z
019dcdb2-3ed7-7ffb-800a-465bf3d902fd,Claire Bongo,female,0.87,26,adult,CM,Cameroon,0.61,2026-04-27T06:48:25Z
019dcdb2-3ed7-7e7a-801e-515e11c2f75e,Rim Lamrani,female,0.67,11,child,LY,Libya,0.46,2026-04-27T06:48:25Z
019dcdb2-3ed7-7f65-800c-8dc431ea836e,Tesfaye Hassan,male,0.9,13,teenager,SO,Somalia,0.2,2026-04-27T06:48:25Z
019dcdb2-3ed7-77e2-8015-1b17aca19aff,Aminata Olawale,female,0.89,61,senior,NG,Nigeria,0.93,2026-04-27T06:48:25Z
019dcdb2-3ed7-760e-8006-e26bbfc962fc,Akinyi Desta,female,0.69,24,adult,KE,Kenya,0.16,2026-04-27T06:48:25Z
019dcdb2-3ed7-7a2b-8016-a95088264da4,Mohamed El Fassi,male,0.86,9,child,SD,Sudan,0.43,2026-04-27T06:48:25Z
019dcdb2-407e-713b-801e-2c30fbc8a20e,Grâce Tshisekedi,female,0.72,80,senior,CM,Cameroon,0.56,2026-04-27T06:48:26Z
019dcdb2-407c-7478-8000-deda5234651c,Hassan Hajji,male,0.91,55,adult,MA,Morocco,0.72,2026-04-27T06:48:26Z
019dcdb2-407c-747d-801d-0ea96a572dd1,Ahmed Mohamed,male,0.78,24,adult,KE,Kenya,0.62,2026-04-27T06:48:26Z
019dcdb2-407c-7b9d-800f-ec318bbd62f0,Karim Tahir,male,0.87,77,senior,MA,Morocco,0.55,2026-04-27T06:48:26Z
019dcdb2-407c-7e5c-8011-ed4bc57764d3,Rania Kettani,female,0.91,49,adult,TN,Tunisia,0.67,2026-04-27T06:48:26Z
019dcdb2-407c-7028-8006-1cb92f403b5b,Dorothy Phillips,female,0.75,79,senior,IN,India,0.5,2026-04-27T06:48:26Z
019dcdb2-407c-7d0e-8002-8a437d166958,Zulai Abdi,female,0.89,61,senior,MG,Madagascar,0.86,2026-04-27T06:48:26Z
019dcdb2-407c-78b5-8000-def4267046fe,Sizwe Nkosi,male,0.85,15,teenager,ZA,South Africa,0.93,2026-04-27T06:48:26Z
019dcdb2-407c-727f-8016-5ba5a4f7ccf1,Coumba Hounsou,female,0.81,5,child,BJ,Benin,0.84,2026-04-27T06:48:26Z
019dcdb2-407c-7aad-8005-f3660de9e6bf,Margaret Carter,female,0.94,79,senior,IN,India,0.33,2026-04-27T06:48:26Z
019dcdb2-407c-7c38-800c-cac3a296cd6f,Jacob Scott,male,0.68,81,senior,JP,Japan,0.43,2026-04-27T06:48:26Z
019dcdb2-407c-72c5-8001-eb0b91567f60,Florentine Coulibaly,female,0.92,6,child,NE,Niger,0.76,2026-04-27T06:48:26Z
019dcdb2-407c-7abe-8009-a3edba6d3f8c,Favour Bah,female,0.88,51,adult,BJ,Benin,0.67,2026-04-27T06:48:26Z
019dcdb2-407c-7875-8000-fcacf36837e1,Tendai Dlamini,male,0.9,13,teenager,MG,Madagascar,0.69,2026-04-27T06:48:26Z
019dcdb2-407c-7cfb-8009-1e73e02a0285,Kamau Shabalala,male,0.82,58,adult,KE,Kenya,0.72,2026-04-27T06:48:26Z
019dcdb2-407c-7dac-801f-6e75da552012,Aster Mwangi,female,0.75,29,adult,TZ,Tanzania,0.52,2026-04-27T06:48:26Z
019dcdb2-407c-77cc-800b-1f9bb7d07404,Kola Agyei,male,0.83,6,child,MR,Mauritania,0.79,2026-04-27T06:48:26Z
019dcdb2-407c-701d-8004-5449dee39fe4,Maryam Nxumalo,female,0.99,65,senior,KE,Kenya,0.4,2026-04-27T06:48:26Z
019dcdb2-407c-7871-8015-0141836dc555,Hana Benhammou,female,0.94,40,adult,TN,Tunisia,0.36,2026-04-27T06:48:26Z
019dcdb2-407c-77f1-8006-17afb9e5fdbe,Akua Okonkwo,female,0.87,79,senior,MR,Mauritania,0.34,2026-04-27T06:48:26Z
019dcdb2-407c-7254-8016-34a569155aa7,David Adams,male,0.86,49,adult,IN,India,0.22,2026-04-27T06:48:26Z
019dcdb2-407d-7064-8017-7eefc30629df,Bintou Compaoré,female,0.77,38,adult,NG,Nigeria,0.36,2026-04-27T06:48:26Z
019dcdb2-407d-7a2f-801c-aa82ff170a5b,Thabo Adhiambo,male,0.96,89,senior,ET,Ethiopia,0.2,2026-04-27T06:48:26Z
019dcdb2-407d-7375-8000-e8e3f55cbf68,Jama Desta,male,0.93,14,teenager,MZ,Mozambique,0.5,2026-04-27T06:48:26Z
019dcdb2-407d-7ec1-801d-54e280716265,Patient Tshisekedi,male,0.98,32,adult,GQ,Equatorial Guinea,0.2,2026-04-27T06:48:26Z
019dcdb2-407d-7917-8018-eedb6f2bb966,Nabil Tazi,male,0.65,32,adult,LY,Libya,0.79,2026-04-27T06:48:26Z
019dcdb2-407d-7183-800f-fe91282fd2c0,Themba Cele,male,0.89,36,adult,KE,Kenya,0.25,2026-04-27T06:48:26Z
019dcdb2-407d-75d6-801b-17f1be8856e5,Richard Zinsou,male,0.8,53,adult,NG,Nigeria,0.52,2026-04-27T06:48:26Z
019dcdb2-407d-7e49-8006-01ffe6aaa813,Yasmine Saidi,female,0.75,8,child,EG,Egypt,0.29,2026-04-27T06:48:26Z
019dcdb2-407d-7f5d-801d-5a740bccb578,Laila Benali,female,0.81,30,adult,TN,Tunisia,0.22,2026-04-27T06:48:26Z
019dcdb2-407d-7370-8010-020fd772df94,Laura Jackson,female,0.82,47,adult,BR,Brazil,0.39,2026-04-27T06:48:26Z
019dcdb2-407d-7d04-800c-b3630d715300,Alexis Keïta,male,0.92,39,adult,SN,Senegal,0.88,2026-04-27T06:48:26Z
019dcdb2-407d-7027-800b-f0670e194020,Fatima Tazi,female,0.99,83,senior,EG,Egypt,0.16,2026-04-27T06:48:26Z
019dcdb2-407d-7114-801c-06792bbf56b4,Thabo Getachew,male,0.97,55,adult,ER,Eritrea,0.71,2026-04-27T06:48:26Z
019dcdb2-407d-7682-8003-f400e5e88355,Louise Obiang,female,0.8,28,adult,GA,Gabon,0.42,2026-04-27T06:48:26Z
019dcdb2-407d-724d-8008-5ecd9e6203b2,Nyasha Mnguni,female,0.87,74,senior,ZM,Zambia,0.66,2026-04-27T06:48:26Z
019dcdb2-407d-7f9d-801e-c333134356b7,Théophile Tshisekedi,male,0.7,27,adult,CM,Cameroon,0.44,2026-04-27T06:48:26Z
019dcdb2-407d-7457-801c-19a794e87d42,Faith Hounsou,female,0.69,48,adult,NG,Nigeria,0.56,2026-04-27T06:48:26Z
019dcdb2-407d-730e-8002-5d27f0b22384,Deborah Adams,female,0.76,48,adult,FR,France,0.52,2026-04-27T06:48:26Z
019dcdb2-407d-7d61-800a-326ae5548043,Kathleen Miller,female,0.74,35,adult,GB,United Kingdom,0.73,2026-04-27T06:48:26Z
019dcdb2-407d-7bba-8017-25ee14c13932,Akinyi Abdi,female,0.77,18,teenager,SC,Seychelles,0.87,2026-04-27T06:48:26Z
019dcdb2-407d-77fb-8006-10c17d8434b8,Généreuse Eyeghe,female,0.99,56,adult,CD,DR Congo,0.44,2026-04-27T06:48:26Z
019dcdb2-407d-7d43-8007-bb2bb6472f4e,Jacob Allen,male,0.79,6,child,AU,Australia,0.93,2026-04-27T06:48:26Z
019dcdb2-407d-78a1-800d-9d39f6cae03f,Araba Konaté,female,0.75,56,adult,BJ,Benin,0.11,2026-04-27T06:48:26Z
019dcdb2-407d-7b61-8007-a35339fbf2e2,Takoda Ahmed,male,0.71,80,senior,SS,South Sudan,0.54,2026-04-27T06:48:26Z
019dcdb2-407d-7b25-8005-3bb769a94b57,David Carter,male,0.99,61,senior,GB,United Kingdom,0.41,2026-04-27T06:48:26Z
019dcdb2-407d-7e71-8012-9d799684fa90,Margaret Smith,female,0.91,11,child,IN,India,0.17,2026-04-27T06:48:26Z
019dcdb2-407d-7b18-8018-eb99b88bfa17,Jeanne Mobutu,female,0.67,10,child,CM,Cameroon,0.31,2026-04-27T06:48:26Z
019dcdb2-407d-7722-8010-af214c052440,Ibrahim Girma,male,0.8,25,adult,TZ,Tanzania,0.52,2026-04-27T06:48:26Z
019dcdb2-407d-73de-8009-f6453dca2215,Daniel Nelson,male,0.8,42,adult,FR,France,0.93,2026-04-27T06:48:26Z
019dcdb2-407d-75fd-8009-aa6c57414ccb,Jacob White,male,0.72,21,adult,IN,India,0.91,2026-04-27T06:48:26Z
019dcdb2-407d-7ce7-8008-03c470f1fe55,Michael Carter,male,0.77,67,senior,FR,France,0.92,2026-04-27T06:48:26Z
019dcdb2-407d-7162-8013-9281b2a8178e,Getachew Nkosi,male,0.69,27,adult,ET,Ethiopia,0.71,2026-04-27T06:48:26Z
019dcdb2-407d-70bb-800b-0deeb3d2b3a5,Tinashe Mnguni,male,0.76,89,senior,ZA,South Africa,0.87,2026-04-27T06:48:26Z
019dcdb2-407d-7230-800e-25ea02920bb3,Hicham Amrani,male,0.81,8,child,MA,Morocco,0.91,2026-04-27T06:48:26Z
019dcdb2-407d-75e6-801b-712cfd35d096,Wanja Adhiambo,female,0.75,63,senior,KE,Kenya,0.69,2026-04-27T06:48:26Z
019dcdb2-407d-7c14-801a-980733866667,Ikram Alaoui,female,0.78,81,senior,SD,Sudan,0.81,2026-04-27T06:48:26Z
019dcdb2-407d-774e-8000-5c05a8b4f506,Almaz Masondo,female,0.71,56,adult,KE,Kenya,0.73,2026-04-27T06:48:26Z
019dcdb2-407d-7bcb-8000-30e6eff6162a,Robert Allen,male,0.72,22,adult,AU,Australia,0.52,2026-04-27T06:48:26Z
019dcdb2-407e-7211-8002-159af338e86e,Bekele Otieno,male,0.7,17,teenager,UG,Uganda,0.12,2026-04-27T06:48:26Z
019dcdb2-407e-740a-8003-b1b8d364de7e,Susan Thompson,female,0.97,6,child,CN,China,0.45,2026-04-27T06:48:26Z
019dcdb2-407e-7302-8013-a52fac229d7e,George Wilson,male,0.98,56,adult,AU,Australia,0.63,2026-04-27T06:48:26Z
019dcdb2-407e-7e76-8012-a140bbd5a6ce,Simba Cele,male,0.68,46,adult,ZW,Zimbabwe,0.68,2026-04-27T06:48:26Z
019dcdb2-407e-7436-8009-0f81278469e8,Miséricorde Mukendi,female,0.93,50,adult,CD,DR Congo,0.37,2026-04-27T06:48:26Z
019dcdb2-407e-70f5-8018-3456e1a09969,Farai Dube,male,0.78,48,adult,ZA,South Africa,0.22,2026-04-27T06:48:26Z
019dcdb2-407e-7742-800f-a976f23029cb,Bekele Tadesse,male,0.77,42,adult,KE,Kenya,0.92,2026-04-27T06:48:26Z
019dcdb2-407e-7194-800e-381a457073e6,Clarisse Igwe,female,0.96,45,adult,BJ,Benin,0.61,2026-04-27T06:48:26Z
019dcdb2-407e-7cb8-8001-bea3edeb9e46,Tebogo Ndebele,male,0.9,58,adult,AO,Angola,0.7,2026-04-27T06:48:26Z
019dcdb2-407c-71c4-8001-36a3282f3264,Joy Osei,female,0.9,36,adult,CI,Côte d'Ivoire,0.33,2026-04-27T06:48:26Z
019dcdb2-407e-7019-800a-49aaa8ac0e47,Chidi Igwe,male,0.86,19,teenager,NG,Nigeria,0.95,2026-04-27T06:48:26Z
019dcdb2-407e-7a9c-801f-7509000c1e54,Yaw Kponton,male,0.73,90,senior,EH,Western Sahara,0.61,2026-04-27T06:48:26Z
019dcdb2-407e-7c1e-800d-42ad54122f25,Khaled Benhammou,male,0.74,63,senior,EG,Egypt,0.8,2026-04-27T06:48:26Z
019dcdb2-407e-7391-8003-6629120c11a5,Tanaka Dube,male,0.78,23,adult,ZA,South Africa,0.13,2026-04-27T06:48:26Z
019dcdb2-407e-72b9-8012-62ca28ee88e5,Thandeka Otieno,female,0.79,36,adult,KE,Kenya,0.86,2026-04-27T06:48:26Z
019dcdb2-407e-7099-8011-f035c541a3d2,Boubacar Sidibé,male,0.72,22,adult,ML,Mali,0.51,2026-04-27T06:48:26Z
019dcdb2-407e-7af9-800c-c7e39185f0b1,Melissa Jackson,female,0.69,20,adult,CN,China,0.71,2026-04-27T06:48:26Z
019dcdb2-407e-7c14-801c-5370517c11e3,Laura Thompson,female,0.83,26,adult,IN,India,0.56,2026-04-27T06:48:26Z
019dcdb2-407e-7c7e-801c-53bf71ff9192,Ibrahima Nwosu,male,0.77,13,teenager,SN,Senegal,0.17,2026-04-27T06:48:26Z
019dcdb2-407e-7213-8009-c0ce236b044f,Ibrahim Haile,male,0.77,35,adult,KM,Comoros,0.95,2026-04-27T06:48:26Z
019dcdb2-407e-7890-8012-45d004bafb1e,Zodwa Sibanda,female,0.67,28,adult,ZM,Zambia,0.45,2026-04-27T06:48:26Z
019dcdb2-407e-7d38-801d-6f896ab7c100,Bethlehem Alemu,female,0.68,55,adult,TZ,Tanzania,0.41,2026-04-27T06:48:26Z
019dcdb2-407e-7ecf-801e-79a13d6ed504,Susan Green,female,0.98,18,teenager,GB,United Kingdom,0.11,2026-04-27T06:48:26Z
019dcdb2-407e-76cc-8012-4a24c3539b1f,Nana Konaté,male,0.66,40,adult,GH,Ghana,0.92,2026-04-27T06:48:26Z
019dcdb2-407e-79e9-800f-2b4d9d6a7a1a,Dina Benali,female,0.91,23,adult,EG,Egypt,0.28,2026-04-27T06:48:26Z
019dcdb2-407e-774b-8008-717b539bbb6e,Hamza Tazi,male,0.68,31,adult,EG,Egypt,0.55,2026-04-27T06:48:26Z
019dcdb2-407e-731c-801c-7fb9246fe2a6,Stephanie Johnson,female,0.66,21,adult,AU,Australia,0.13,2026-04-27T06:48:26Z
019dcdb2-407f-7987-801b-019568e2d4c4,Njoroge Girma,male,0.77,8,child,TZ,Tanzania,0.34,2026-04-27T06:48:26Z
019dcdb2-4254-704d-801e-f4abcadf287c,Tendai Abdi,male,0.9,35,adult,TZ,Tanzania,0.32,2026-04-27T06:48:26Z
019dcdb2-4255-7a17-8011-2b4e77e0ee81,Femi Nikiéma,male,0.79,30,adult,NG,Nigeria,0.43,2026-04-27T06:48:26Z
019dcdb2-4255-739e-8016-b988015eebef,Kwame Zongo,male,0.94,15,teenager,NG,Nigeria,0.22,2026-04-27T06:48:26Z
019dcdb2-4255-77da-8012-d01d97be1ddc,Girma Elmi,male,0.95,10,child,ET,Ethiopia,0.93,2026-04-27T06:48:26Z
019dcdb2-4255-73d1-800e-fee2b71a7959,Hana Amrani,female,0.83,6,child,EG,Egypt,0.61,2026-04-27T06:48:26Z
019dcdb2-4255-7056-8009-b7940fcef085,Estelle Tapsoba,female,0.72,26,adult,NG,Nigeria,0.45,2026-04-27T06:48:26Z
019dcdb2-4255-7703-801b-01137963bac5,Kagiso Ali,male,0.71,87,senior,KM,Comoros,0.41,2026-04-27T06:48:26Z
019dcdb2-4255-79f0-8006-e19c5c0470ba,Zodwa Moyo,female,0.93,22,adult,AO,Angola,0.33,2026-04-27T06:48:26Z
019dcdb2-4255-7ad4-8005-63c62c503522,Djeneba Ouédraogo,female,0.84,28,adult,GH,Ghana,0.17,2026-04-27T06:48:26Z
019dcdb2-4255-72f4-801c-3cbc396f8376,Nour Tazi,female,0.9,82,senior,MA,Morocco,0.94,2026-04-27T06:48:26Z
019dcdb2-4255-7684-800a-cf88b7f4b4fc,Ngozi Zinsou,female,0.88,83,senior,NG,Nigeria,0.22,2026-04-27T06:48:26Z
019dcdb2-4255-7b4a-8004-1c51308c5699,Younes Khatib,male,0.68,16,teenager,SD,Sudan,0.76,2026-04-27T06:48:26Z
019dcdb2-4255-7ed6-8009-3da1211f0a22,Nadia Alaoui,female,0.79,55,adult,SD,Sudan,0.3,2026-04-27T06:48:26Z
019dcdb2-4255-7711-8004-5cf24685363b,Desta Hassan,male,0.91,53,adult,KE,Kenya,0.33,2026-04-27T06:48:26Z
019dcdb2-4255-7563-8017-0dd6f32fa075,Tariro Sibanda,female,0.82,50,adult,AO,Angola,0.74,2026-04-27T06:48:26Z
019dcdb2-4255-7089-8018-ae451d62942f,Karen Thompson,female,0.79,48,adult,FR,France,0.13,2026-04-27T06:48:26Z
019dcdb2-4255-7c8e-8005-c14b88e2e394,Themba Nyoni,male,0.75,83,senior,ZW,Zimbabwe,0.17,2026-04-27T06:48:26Z
019dcdb2-4255-7285-8017-93b56eb2d262,Bintou Boateng,female,0.81,51,adult,BJ,Benin,0.93,2026-04-27T06:48:26Z
019dcdb2-4255-70e4-8011-9d470f8c5b53,Providence Lumumba,female,0.65,8,child,CF,Central African Republic,0.12,2026-04-27T06:48:26Z
019dcdb2-4255-7fc1-800e-abf881667134,Mpho Warsame,male,0.82,30,adult,MG,Madagascar,0.83,2026-04-27T06:48:26Z
019dcdb2-4255-7bf9-800f-9eff2d8dbb90,Takoda Tadesse,male,0.87,35,adult,KE,Kenya,0.94,2026-04-27T06:48:26Z
019dcdb2-4255-77e4-8010-5d6220154294,Farai Mnguni,male,0.88,28,adult,AO,Angola,0.38,2026-04-27T06:48:26Z
019dcdb2-4255-748e-8004-593e3a329ba9,Thérèse Nkoghe,female,0.67,11,child,CD,DR Congo,0.19,2026-04-27T06:48:26Z
019dcdb2-4255-767e-8017-0045ff4e232c,Araba Sidibé,female,0.91,50,adult,SN,Senegal,0.16,2026-04-27T06:48:26Z
019dcdb2-4255-7075-8018-afbda52c9e09,Richard Scott,male,0.83,33,adult,DE,Germany,0.58,2026-04-27T06:48:26Z
019dcdb2-4255-7524-8005-366dafa689bc,Siham Benhammou,female,0.83,18,teenager,EG,Egypt,0.3,2026-04-27T06:48:26Z
019dcdb2-4255-7038-8011-0a58289961f3,Michelle White,female,0.93,40,adult,US,United States,0.9,2026-04-27T06:48:26Z
019dcdb2-4255-74ae-8012-13e31489a04a,Daniel Segla,male,0.75,47,adult,NE,Niger,0.87,2026-04-27T06:48:26Z
019dcdb2-4255-7230-8005-3744a68bc1e7,Femi Babatunde,male,0.97,22,adult,BJ,Benin,0.32,2026-04-27T06:48:26Z
019dcdb2-4255-73b1-8015-83be6faf455c,Aristide Gizenga,male,0.9,59,adult,TD,Chad,0.24,2026-04-27T06:48:26Z
019dcdb2-4255-767f-801c-ce8d889b0033,Zanele Awino,female,0.83,33,adult,KM,Comoros,0.13,2026-04-27T06:48:26Z
019dcdb2-4255-7adf-8009-f14081ffad85,Astou Zinsou,female,0.81,5,child,ML,Mali,0.37,2026-04-27T06:48:26Z
019dcdb2-4255-7aa5-801b-df19cecb828a,Thabo Nkosi,male,0.69,41,adult,LS,Lesotho,0.95,2026-04-27T06:48:26Z
019dcdb2-4255-74c9-801f-ee8f9b4bccf7,Djeneba Adjei,female,0.94,17,teenager,CI,Côte d'Ivoire,0.61,2026-04-27T06:48:26Z
019dcdb2-4255-7855-8000-64ff1e4dee5a,Rokhaya Camara,female,0.91,34,adult,NE,Niger,0.29,2026-04-27T06:48:26Z
019dcdb2-4255-72a6-8018-6e113a8d16b4,Daniel Kaboré,male,0.76,36,adult,NG,Nigeria,0.1,2026-04-27T06:48:26Z
019dcdb2-4255-7d42-8010-b798a4bdb1c5,Faith Nwosu,female,0.77,48,adult,NG,Nigeria,0.44,2026-04-27T06:48:26Z
019dcdb2-4255-7cba-8018-1be163b6ed8e,Tigist Girma,female,0.98,78,senior,ET,Ethiopia,0.2,2026-04-27T06:48:26Z
019dcdb2-4256-77f8-800e-69ca7300a674,Dele Dao,male,0.83,70,senior,NG,Nigeria,0.4,2026-04-27T06:48:26Z
019dcdb2-4256-784c-800a-016429e44789,Abena Igwe,female,0.68,71,senior,CI,Côte d'Ivoire,0.55,2026-04-27T06:48:26Z
019dcdb2-4256-75d9-8004-4dde8bf1982f,Ramatu Warsame,female,0.87,8,child,RW,Rwanda,0.46,2026-04-27T06:48:26Z
019dcdb2-4256-7fa3-8019-75ebc4e2f1d6,Ibrahim Desta,male,0.82,67,senior,UG,Uganda,0.66,2026-04-27T06:48:26Z
019dcdb2-4256-7d40-8007-135189ca4d12,Tigist Desta,female,0.91,53,adult,ET,Ethiopia,0.95,2026-04-27T06:48:26Z
019dcdb2-4256-7e8f-800f-35336a0fb578,Astou Kaboré,female,0.77,24,adult,BJ,Benin,0.37,2026-04-27T06:48:26Z
019dcdb2-4256-75a1-800b-5f8b1e530c7d,Yasmine El Fassi,female,0.78,72,senior,LY,Libya,0.82,2026-04-27T06:48:26Z
019dcdb2-4256-7c37-8004-1d396e652121,Fatoumata Agyei,female,0.94,55,adult,NE,Niger,0.3,2026-04-27T06:48:26Z
019dcdb2-4256-7c3e-8006-a57b358d5347,Maame Kponton,female,0.76,13,teenager,BJ,Benin,0.62,2026-04-27T06:48:26Z
019dcdb2-4256-7f4a-8004-b658f90d8a26,Djeneba Eze,female,0.84,42,adult,CI,Côte d'Ivoire,0.9,2026-04-27T06:48:26Z
019dcdb2-4256-761e-8018-6a7761c207e3,Mwangi Tadesse,male,0.78,67,senior,RW,Rwanda,0.61,2026-04-27T06:48:26Z
019dcdb2-4256-7000-800f-49832e46ee23,Célestin Gizenga,male,0.82,52,adult,CD,DR Congo,0.63,2026-04-27T06:48:26Z
019dcdb2-4256-7bf9-800e-fe4fac88dc55,Favour Sow,female,0.9,79,senior,BJ,Benin,0.19,2026-04-27T06:48:26Z
019dcdb2-4256-7265-801d-8eaaaf79423f,Favour Touré,female,0.67,57,adult,TG,Togo,0.35,2026-04-27T06:48:26Z
019dcdb2-4256-7b1d-800a-e8a542b5625e,Jennifer Baker,female,0.79,39,adult,US,United States,0.84,2026-04-27T06:48:26Z
019dcdb2-4256-7616-8012-f8a4687c3dd5,Rudo Nkomo,female,0.66,59,adult,ST,São Tomé and Príncipe,0.44,2026-04-27T06:48:26Z
019dcdb2-4256-7cf6-8010-9265770978b7,Ibrahim Abebe,male,0.94,9,child,MG,Madagascar,0.81,2026-04-27T06:48:26Z
019dcdb2-4256-77dd-8001-3a51fc29aaa3,Nana Olawale,male,0.74,39,adult,GH,Ghana,0.94,2026-04-27T06:48:26Z
019dcdb2-4256-709f-8019-e5879cb6cde1,Yaw Sidibé,male,0.76,53,adult,GH,Ghana,0.74,2026-04-27T06:48:26Z
019dcdb2-4256-7e08-801a-4ebfbf70abab,Fatoumata Traoré,female,0.71,18,teenager,LR,Liberia,0.7,2026-04-27T06:48:26Z
019dcdb2-4256-71a0-8011-67c0d0d6f2c5,Ifeoma Coulibaly,female,0.9,26,adult,SN,Senegal,0.7,2026-04-27T06:48:26Z
019dcdb2-4256-747d-800a-d17b669a9e9e,Maryam Awino,female,0.9,25,adult,KE,Kenya,0.31,2026-04-27T06:48:26Z
019dcdb2-4256-7ba1-8000-cdf67ab067f2,Rudo Mnguni,male,0.94,12,child,ZA,South Africa,0.14,2026-04-27T06:48:26Z
019dcdb2-4256-7746-8003-d4c41b28f55f,Ashley Williams,female,0.83,29,adult,BR,Brazil,0.15,2026-04-27T06:48:26Z
019dcdb2-4256-739f-8000-7b1409df6c19,Miséricorde Adoula,female,0.7,82,senior,CM,Cameroon,0.88,2026-04-27T06:48:26Z
019dcdb2-4256-7061-8017-754cef990de9,Ali Otieno,male,0.96,68,senior,KM,Comoros,0.69,2026-04-27T06:48:26Z
019dcdb2-4256-7a33-800d-6def9ce01dfd,Sipho Ndlovu,male,0.93,88,senior,ZA,South Africa,0.31,2026-04-27T06:48:26Z
019dcdb2-4256-7d5e-801b-a7c458e80fd7,Ghita Mansouri,female,0.91,33,adult,MA,Morocco,0.32,2026-04-27T06:48:26Z
019dcdb2-4256-7339-8002-f2453e4edc85,Mary Johnson,female,0.92,65,senior,BR,Brazil,0.68,2026-04-27T06:48:26Z
019dcdb2-4256-76d4-800a-022c0ab2300f,Ali Mengistu,male,0.69,50,adult,MU,Mauritius,0.47,2026-04-27T06:48:26Z
019dcdb2-4256-7636-8003-f5d8cb3621c3,Claire Obiang,female,0.95,58,adult,CM,Cameroon,0.44,2026-04-27T06:48:26Z
019dcdb2-4256-76ac-8017-c59cb2d25551,Otieno Abdi,male,0.78,35,adult,ET,Ethiopia,0.43,2026-04-27T06:48:26Z
019dcdb2-4256-7519-8003-46a7fd60b4ad,Fortuné Nkoghe,male,0.97,49,adult,CM,Cameroon,0.46,2026-04-27T06:48:26Z
019dcdb2-4256-70f2-8007-f3c88aa2246e,Peace Dossou,female,0.77,89,senior,SN,Senegal,0.91,2026-04-27T06:48:26Z
019dcdb2-4256-7966-8000-09f0ea687525,Thandiwe Nkosi,female,0.74,46,adult,AO,Angola,0.54,2026-04-27T06:48:26Z
019dcdb2-4256-7eed-8016-9bc7569c379d,Ayasha Ahmed,female,0.87,56,adult,SC,Seychelles,0.24,2026-04-27T06:48:26Z
019dcdb2-4256-772d-8013-d491d626d2d4,Aimée Nze,female,0.77,33,adult,CG,Republic of the Congo,0.61,2026-04-27T06:48:26Z
019dcdb2-4256-7ff2-800f-90224745dd15,Sharon Johnson,female,0.88,84,senior,JP,Japan,0.4,2026-04-27T06:48:26Z
019dcdb2-4256-744b-801a-ba1cbb7b8f17,Djeneba Tchalla,female,0.67,5,child,NG,Nigeria,0.85,2026-04-27T06:48:26Z
019dcdb2-4257-75c2-800f-ab227d29504f,Tanaka Ndlovu,male,0.85,54,adult,ZW,Zimbabwe,0.53,2026-04-27T06:48:26Z
019dcdb2-4257-7bee-801c-9f8e89d7ba58,Esi Dao,female,0.82,7,child,GH,Ghana,0.17,2026-04-27T06:48:26Z
019dcdb2-4257-7144-801c-8cb74537faa7,Didier Tchalla,male,0.82,41,adult,BJ,Benin,0.55,2026-04-27T06:48:26Z
019dcdb2-4257-79b2-8009-3b0c8da2ebc6,Lerato Nkosi,male,0.65,10,child,UG,Uganda,0.34,2026-04-27T06:48:26Z
019dcdb2-4257-71d5-8012-96a2f00ce78c,Blessing Sow,female,0.87,33,adult,GN,Guinea,0.4,2026-04-27T06:48:26Z
019dcdb2-4257-751b-8016-1b149d759391,Hana Tazi,female,0.67,27,adult,EG,Egypt,0.57,2026-04-27T06:48:26Z
019dcdb2-4257-704e-800c-757435e57d23,Joseph Davis,male,0.72,13,teenager,BR,Brazil,0.85,2026-04-27T06:48:26Z
019dcdb2-4257-7944-801c-0bccc5e844ee,Rumbidzai Dlamini,female,0.98,7,child,ZA,South Africa,0.59,2026-04-27T06:48:26Z
019dcdb2-4257-7af4-8006-becc9ebf18af,Honorine Compaoré,female,0.66,45,adult,NG,Nigeria,0.56,2026-04-27T06:48:26Z
019dcdb2-4257-77b9-801e-a4322edcc85c,Timothy Thomas,male,0.72,30,adult,IN,India,0.89,2026-04-27T06:48:26Z
019dcdb2-4257-74f9-800a-d30fbb095a17,Samir El Fassi,male,0.7,89,senior,DZ,Algeria,0.67,2026-04-27T06:48:26Z
019dcdb2-4257-727d-800d-74b7e8bf3fee,Chidi Zinsou,male,0.96,83,senior,CI,Côte d'Ivoire,0.41,2026-04-27T06:48:26Z
019dcdb2-4257-7c66-8004-68a763a3bbe5,Akua Agbodji,female,0.8,40,adult,BJ,Benin,0.28,2026-04-27T06:48:26Z
019dcdb2-4257-72f4-8012-6c8e67d9b86e,Nomsa Mnguni,female,0.78,68,senior,ZA,South Africa,0.84,2026-04-27T06:48:26Z
019dcdb2-4257-77f7-801b-6d8ecddc68b0,Emily Davis,female,0.77,17,teenager,AU,Australia,0.45,2026-04-27T06:48:26Z
019dcdb2-4257-7490-8018-441554116a8c,David Okafor,male,0.67,38,adult,BJ,Benin,0.42,2026-04-27T06:48:26Z
019dcdb2-4257-7896-8004-c1a59b56cc7c,Tatenda Sibanda,male,0.84,43,adult,ZM,Zambia,0.55,2026-04-27T06:48:26Z
019dcdb2-4257-70ed-801a-d1123f95f301,Kamau Awino,male,0.75,38,adult,BI,Burundi,0.22,2026-04-27T06:48:26Z
019dcdb2-4257-7667-8004-d112259e7ef2,Njoroge Kamau,male,0.67,7,child,UG,Uganda,0.63,2026-04-27T06:48:26Z
019dcdb2-4257-77a0-8017-ec1eb8ff50b2,Awino Nxumalo,female,0.71,48,adult,MG,Madagascar,0.14,2026-04-27T06:48:26Z
019dcdb2-4257-7a35-8010-3eaa67729e00,Esi Hounsou,female,0.72,77,senior,CV,Cape Verde,0.74,2026-04-27T06:48:26Z
019dcdb2-4257-7f8d-800a-87b1cb4ab397,Yaa Sawadogo,female,0.8,23,adult,BJ,Benin,0.13,2026-04-27T06:48:26Z
019dcdb2-4257-7ae3-8007-a48cb1c901bd,Ryan Thomas,male,0.86,51,adult,DE,Germany,0.63,2026-04-27T06:48:26Z
019dcdb2-407d-7fd8-800a-b4e1ea6fa2a6,Lerato Mthembu,male,0.7,54,adult,ZM,Zambia,0.83,2026-04-27T06:48:26Z
019dcdb2-407d-7555-801b-15c54d732607,Nancy Smith,female,0.86,18,teenager,US,United States,0.7,2026-04-27T06:48:26Z
019dcdb2-407d-7878-8013-3071f1aea812,Kariuki Nxumalo,male,0.89,32,adult,KE,Kenya,0.66,2026-04-27T06:48:26Z
019dcdb2-407e-7f85-8009-331a0a1cd535,Carol Carter,female,0.66,7,child,FR,France,0.85,2026-04-27T06:48:26Z
019dcdb2-407e-71a3-8018-8efca5f75b7d,Maryam Ouma,female,0.84,65,senior,UG,Uganda,0.73,2026-04-27T06:48:26Z
019dcdb2-407e-7afd-800d-2a0e40b3940a,Ama Gbagbo,male,0.79,40,adult,NG,Nigeria,0.45,2026-04-27T06:48:26Z
019dcdb2-407e-7e86-801e-2f16dc17b603,Kariuki Waweru,male,0.97,52,adult,MZ,Mozambique,0.6,2026-04-27T06:48:26Z
019dcdb2-407e-743c-8011-3f1c8ed2e759,Stephanie Davis,female,0.83,49,adult,US,United States,0.87,2026-04-27T06:48:26Z
019dcdb2-407e-7809-8019-266eb014e37b,Charles Davis,male,0.7,37,adult,DE,Germany,0.48,2026-04-27T06:48:26Z
019dcdb2-407e-7e4b-8019-e06e78be2275,Kojo Kponton,male,0.98,72,senior,CI,Côte d'Ivoire,0.24,2026-04-27T06:48:26Z
019dcdb2-407e-72be-8013-95965e11ba51,Segun Mensah,male,0.9,29,adult,GH,Ghana,0.18,2026-04-27T06:48:26Z
019dcdb2-407e-7843-8004-9f514f05b02d,Faith Antwi,female,0.96,82,senior,ML,Mali,0.14,2026-04-27T06:48:26Z
019dcdb2-407e-7b6a-801f-ababdbc7ade0,Grâce Mba,female,0.69,34,adult,CG,Republic of the Congo,0.48,2026-04-27T06:48:26Z
019dcdb2-458c-7449-8000-5398d0faef10,Rakiya Mnguni,female,0.8,6,child,SO,Somalia,0.52,2026-04-27T06:48:27Z
019dcdb2-458c-7a93-801c-46e9127a4b82,Bethlehem Bekele,female,0.94,71,senior,MU,Mauritius,0.4,2026-04-27T06:48:27Z
019dcdb2-458c-7bef-8018-a36b660afebe,George Martin,male,0.79,16,teenager,BR,Brazil,0.35,2026-04-27T06:48:27Z
019dcdb2-458c-7a91-801b-2b170b3b9804,Betty Taylor,female,0.95,83,senior,IN,India,0.84,2026-04-27T06:48:27Z
019dcdb2-458c-7a49-8009-f7674c92d5d0,Thabo Tshuma,male,0.78,39,adult,ZA,South Africa,0.77,2026-04-27T06:48:27Z
019dcdb2-458c-71b6-8002-da16d086b157,Sharon Wright,female,0.86,89,senior,GB,United Kingdom,0.38,2026-04-27T06:48:27Z
019dcdb2-458c-7e29-8010-e39f1cd9e7ed,Ekow Amoah,male,0.87,42,adult,SN,Senegal,0.11,2026-04-27T06:48:27Z
019dcdb2-458c-7b41-800c-f0a6d52c5f95,Akua Traoré,female,0.82,68,senior,NG,Nigeria,0.44,2026-04-27T06:48:27Z
019dcdb2-458c-76e6-8002-6b01c6aebac2,Hauwa Tadesse,female,0.92,7,child,KE,Kenya,0.62,2026-04-27T06:48:27Z
019dcdb2-458c-795c-801d-62ee5b65e995,Thabo Ndebele,male,0.66,18,teenager,AO,Angola,0.68,2026-04-27T06:48:27Z
019dcdb2-458c-7ae0-800d-98340a7151df,William Johnson,male,0.74,81,senior,AU,Australia,0.62,2026-04-27T06:48:27Z
019dcdb2-458c-7bb8-800e-6df6690e9f9a,Akosua Adjei,female,0.92,6,child,NG,Nigeria,0.4,2026-04-27T06:48:27Z
019dcdb2-458c-7671-8006-e5e808d6099b,Zodwa Girma,female,0.91,71,senior,RW,Rwanda,0.12,2026-04-27T06:48:27Z
019dcdb2-458c-7926-8000-bd64399a6100,Théodore Amoah,male,0.66,51,adult,ML,Mali,0.8,2026-04-27T06:48:27Z
019dcdb2-43fa-743b-8005-ae6883f80425,Tigist Elmi,female,0.8,11,child,ER,Eritrea,0.21,2026-04-27T06:48:27Z
019dcdb2-43f7-7793-8005-266e5b5569aa,Lindiwe Ahmed,female,0.91,44,adult,KM,Comoros,0.74,2026-04-27T06:48:27Z
019dcdb2-43f7-7cdb-8017-db2316883e45,Tafadzwa Sibanda,male,0.86,34,adult,AO,Angola,0.22,2026-04-27T06:48:27Z
019dcdb2-43f7-74e3-801b-f6118bd7853c,Jason Davis,male,0.74,71,senior,GB,United Kingdom,0.79,2026-04-27T06:48:27Z
019dcdb2-43f7-77f3-800a-a3947d7bc282,Théophile Gizenga,male,0.78,74,senior,CD,DR Congo,0.64,2026-04-27T06:48:27Z
019dcdb2-43f7-78d6-8006-85517b1654d8,Nancy Green,female,0.85,43,adult,US,United States,0.42,2026-04-27T06:48:27Z
019dcdb2-43f7-7ade-801b-403550f6bd6b,Kunle Traoré,male,0.77,79,senior,SN,Senegal,0.49,2026-04-27T06:48:27Z
019dcdb2-43f7-7b4d-801d-e46ae070f0d6,Mary Williams,female,0.77,24,adult,FR,France,0.36,2026-04-27T06:48:27Z
019dcdb2-43f7-7b23-8019-45cf65d383d7,Adwoa Chukwu,female,0.93,80,senior,ML,Mali,0.64,2026-04-27T06:48:27Z
019dcdb2-43f7-7772-8016-82504244bb6e,Sizwe Khumalo,male,0.99,48,adult,ZM,Zambia,0.39,2026-04-27T06:48:27Z
019dcdb2-43f7-76fe-8004-77a5fe11aed6,Khaled Lamrani,male,0.85,41,adult,SD,Sudan,0.42,2026-04-27T06:48:27Z
019dcdb2-43f7-7550-8012-666cb9612b50,Michael Nwosu,male,0.72,37,adult,BJ,Benin,0.77,2026-04-27T06:48:27Z
019dcdb2-43f7-7379-8014-56be8186e19e,Thabo Shabalala,male,0.89,38,adult,ET,Ethiopia,0.92,2026-04-27T06:48:27Z
019dcdb2-43f8-7a7d-8015-7935eba9a469,Kojo Kaboré,male,0.91,39,adult,SN,Senegal,0.5,2026-04-27T06:48:27Z
019dcdb2-43f8-7471-800d-45ea61bf8eae,Tendai Masondo,male,0.7,18,teenager,ZA,South Africa,0.59,2026-04-27T06:48:27Z
019dcdb2-43f8-75ad-8002-01bec83083f3,Linda Perez,female,0.67,26,adult,CA,Canada,0.37,2026-04-27T06:48:27Z
019dcdb2-43f8-7404-8010-f80eb5e1d2f1,Abdou Darko,male,0.75,37,adult,SN,Senegal,0.41,2026-04-27T06:48:27Z
019dcdb2-43f8-76b7-8009-aab328444fe2,Espérance Eyeghe,female,0.94,58,adult,CM,Cameroon,0.66,2026-04-27T06:48:27Z
019dcdb2-43f8-7781-8006-8c2b00448cd5,Franck Sow,male,0.77,26,adult,ML,Mali,0.35,2026-04-27T06:48:27Z
019dcdb2-43f8-7e4c-8018-7b8284da5244,Thandeka Mhlanga,female,0.75,7,child,AO,Angola,0.28,2026-04-27T06:48:27Z
019dcdb2-43f8-7092-8016-816adfbcc37d,Tendai Nxumalo,male,0.76,19,teenager,ET,Ethiopia,0.34,2026-04-27T06:48:27Z
019dcdb2-43f8-7cab-801f-586a56fb0f62,Michelle Campbell,female,0.75,5,child,CA,Canada,0.78,2026-04-27T06:48:27Z
019dcdb2-43f8-7132-800f-64eee4b2bd48,Karim El Fassi,male,0.94,54,adult,EG,Egypt,0.2,2026-04-27T06:48:27Z
019dcdb2-43f8-76b5-8017-f3976bf85e95,Nompumelelo Shabalala,female,0.88,82,senior,ET,Ethiopia,0.22,2026-04-27T06:48:27Z
019dcdb2-43f8-7ceb-801c-8401e540f4b7,Zanele Ali,female,0.97,80,senior,RW,Rwanda,0.45,2026-04-27T06:48:27Z
019dcdb2-43f8-706f-8008-778f285aaed5,Amanda Mitchell,female,0.7,16,teenager,AU,Australia,0.7,2026-04-27T06:48:27Z
019dcdb2-43f8-740c-8009-d99d936ec51d,Oumou Keïta,female,0.83,18,teenager,CI,Côte d'Ivoire,0.42,2026-04-27T06:48:27Z
019dcdb2-43f8-7e72-801c-2d511225d546,Cynthia Phillips,female,0.75,20,adult,US,United States,0.92,2026-04-27T06:48:27Z
019dcdb2-43f8-7df4-8017-f2e0206839c2,Wanja Alemu,female,0.66,50,adult,RW,Rwanda,0.57,2026-04-27T06:48:27Z
019dcdb2-43f8-7084-8007-e7fbe23a78c9,Bilkisu Getachew,female,0.75,36,adult,ET,Ethiopia,0.34,2026-04-27T06:48:27Z
019dcdb2-43f8-7752-801a-b37367e2186e,Gloire Gizenga,female,0.65,25,adult,CD,DR Congo,0.12,2026-04-27T06:48:27Z
019dcdb2-43f8-7fa0-8001-83a048e7500b,Ndéye Lokossou,female,0.92,57,adult,CI,Côte d'Ivoire,0.37,2026-04-27T06:48:27Z
019dcdb2-43f8-7c56-800e-ccb0afc24375,Zodwa Ali,female,0.99,6,child,MG,Madagascar,0.9,2026-04-27T06:48:27Z
019dcdb2-43f8-76ad-8002-2515036435a3,Mulu Achieng,female,0.94,44,adult,MZ,Mozambique,0.34,2026-04-27T06:48:27Z
019dcdb2-43f8-7cdf-801b-5cd24172b936,David Compaoré,male,0.77,65,senior,NG,Nigeria,0.15,2026-04-27T06:48:27Z
019dcdb2-43f8-7ad7-801f-5af96353c960,Chérie Kabila,female,0.96,79,senior,CM,Cameroon,0.35,2026-04-27T06:48:27Z
019dcdb2-43f8-7b6f-8019-12e7e15219c3,Almaz Awino,female,0.98,26,adult,UG,Uganda,0.45,2026-04-27T06:48:27Z
019dcdb2-43f8-7794-801b-e47f9bbccc4a,Richard Sow,male,0.67,32,adult,CI,Côte d'Ivoire,0.69,2026-04-27T06:48:27Z
019dcdb2-43f8-7394-8009-2f3c2bc443e0,Ouma Masondo,male,0.8,50,adult,BI,Burundi,0.64,2026-04-27T06:48:27Z
019dcdb2-43f8-7897-8016-4ba89ca9ac04,Esi Dossou,female,0.82,40,adult,EH,Western Sahara,0.53,2026-04-27T06:48:27Z
019dcdb2-43f8-77d5-801c-6d228b152eeb,Almaz Mohamed,female,0.9,16,teenager,KE,Kenya,0.81,2026-04-27T06:48:27Z
019dcdb2-43f8-7e71-8010-f127a0f0dfeb,Tendai Cele,male,0.97,16,teenager,TZ,Tanzania,0.15,2026-04-27T06:48:27Z
019dcdb2-43f8-706e-8010-81da015943dc,Rakiya Omar,female,0.76,40,adult,DJ,Djibouti,0.12,2026-04-27T06:48:27Z
019dcdb2-43f8-77ec-801f-7478c05f349f,Abena Kponton,female,0.95,40,adult,MR,Mauritania,0.83,2026-04-27T06:48:27Z
019dcdb2-43f8-781d-8011-e1423d5dfa3e,Hamza Khatib,male,0.75,82,senior,MA,Morocco,0.93,2026-04-27T06:48:27Z
019dcdb2-43f8-7cf5-8005-60639ad5d1a8,Hamza Khalil,male,0.7,57,adult,TN,Tunisia,0.16,2026-04-27T06:48:27Z
019dcdb2-43f8-7692-8000-d5f9d1213c11,Assata Segla,female,0.78,48,adult,ML,Mali,0.7,2026-04-27T06:48:27Z
019dcdb2-43f8-789a-801e-e797de0f4584,Ghita Kettani,female,0.94,29,adult,SD,Sudan,0.76,2026-04-27T06:48:27Z
019dcdb2-43f8-7661-801b-aab9131275b2,Daniel Chukwu,male,0.71,60,senior,NG,Nigeria,0.23,2026-04-27T06:48:27Z
019dcdb2-43f8-7787-800e-a04f34349c11,Sekai Shabalala,female,0.79,5,child,ZW,Zimbabwe,0.36,2026-04-27T06:48:27Z
019dcdb2-43f9-7801-801c-2b594510128e,Ouma Tadesse,male,0.76,18,teenager,SS,South Sudan,0.59,2026-04-27T06:48:27Z
019dcdb2-43f9-7a26-8001-10a752ecbfa1,Nyambura Mengistu,female,0.67,71,senior,SC,Seychelles,0.71,2026-04-27T06:48:27Z
019dcdb2-43f9-7845-801d-d73ed8978716,Abena Boateng,female,0.71,17,teenager,NG,Nigeria,0.38,2026-04-27T06:48:27Z
019dcdb2-43f9-723e-8011-fef49a42f688,Youssef Khalil,male,0.87,35,adult,TN,Tunisia,0.95,2026-04-27T06:48:27Z
019dcdb2-43f9-7347-8004-8fc527ff3fc3,Thabo Dlamini,male,0.99,79,senior,ZA,South Africa,0.4,2026-04-27T06:48:27Z
019dcdb2-43f9-7c27-800c-4fe32121df36,Henri Mukendi,male,0.92,36,adult,CD,DR Congo,0.3,2026-04-27T06:48:27Z
019dcdb2-43f9-7ee8-8015-8a82c82eb8e5,Hajar Chraibi,female,0.78,70,senior,EG,Egypt,0.65,2026-04-27T06:48:27Z
019dcdb2-43f9-7854-8017-78b3e4b01611,Esi Kponton,female,0.97,71,senior,GH,Ghana,0.38,2026-04-27T06:48:27Z
019dcdb2-43f9-7cd1-8008-c9e7cc2567fe,Otieno Nkosi,male,0.97,46,adult,MZ,Mozambique,0.51,2026-04-27T06:48:27Z
019dcdb2-43f9-76ab-801d-5c9ef19bf59b,Tebogo Dube,male,0.79,17,teenager,ZA,South Africa,0.89,2026-04-27T06:48:27Z
019dcdb2-43f9-7aee-801d-aaa92a57f12a,Waweru Hassan,male,0.66,39,adult,KM,Comoros,0.6,2026-04-27T06:48:27Z
019dcdb2-43f9-7d53-800f-00621006d130,Lesego Ndlovu,male,0.75,86,senior,AO,Angola,0.2,2026-04-27T06:48:27Z
019dcdb2-43f9-7310-801e-c03c2fc20012,Mazvita Cele,female,0.78,37,adult,AO,Angola,0.59,2026-04-27T06:48:27Z
019dcdb2-43f9-7c8c-801c-9923f68649e2,Aya Hajji,female,0.98,18,teenager,SD,Sudan,0.19,2026-04-27T06:48:27Z
019dcdb2-43f9-7f52-8015-7af82e8b2aeb,Mary Baker,female,0.68,13,teenager,DE,Germany,0.51,2026-04-27T06:48:27Z
019dcdb2-43f9-78f9-8013-9bddae242ae7,Mary Mitchell,female,0.8,27,adult,US,United States,0.37,2026-04-27T06:48:27Z
019dcdb2-43f9-74ae-8006-4523f9018342,Andrew Smith,male,0.98,78,senior,GB,United Kingdom,0.58,2026-04-27T06:48:27Z
019dcdb2-43f9-70a2-8008-c5fe9f88b374,Aya Saidi,female,0.93,86,senior,EG,Egypt,0.91,2026-04-27T06:48:27Z
019dcdb2-43f9-7a8a-801f-8fcb04b9a39c,Jama Ahmed,male,0.79,17,teenager,MW,Malawi,0.51,2026-04-27T06:48:27Z
019dcdb2-43f9-7330-800b-65b8e516729c,Zanele Ndlovu,female,0.77,17,teenager,ER,Eritrea,0.88,2026-04-27T06:48:27Z
019dcdb2-43f9-72e2-801d-1422e76a6d03,Tigist Mohamed,female,0.66,49,adult,ET,Ethiopia,0.73,2026-04-27T06:48:27Z
019dcdb2-43f9-780f-801c-aace234390a7,Amadou Okonkwo,male,0.74,5,child,CV,Cape Verde,0.51,2026-04-27T06:48:27Z
019dcdb2-43f9-7ba4-801b-e620600fc982,Yaa Touré,female,0.67,54,adult,NG,Nigeria,0.58,2026-04-27T06:48:27Z
019dcdb2-43f9-7b1b-8003-82e45cb88f45,Hafsat Alemu,female,0.85,10,child,MZ,Mozambique,0.39,2026-04-27T06:48:27Z
019dcdb2-43f9-753d-8009-69d5812189b7,Wanja Khumalo,female,0.97,56,adult,ET,Ethiopia,0.29,2026-04-27T06:48:27Z
019dcdb2-43f9-7bab-8003-aa0ffb28a30f,Pierre Adoula,male,0.75,48,adult,CM,Cameroon,0.39,2026-04-27T06:48:27Z
019dcdb2-43f9-731e-8005-9af8801aeda8,Hervé Kponton,male,0.75,41,adult,SN,Senegal,0.12,2026-04-27T06:48:27Z
019dcdb2-43f9-7b2a-8012-33d403fe7296,James Parker,male,0.84,11,child,IN,India,0.77,2026-04-27T06:48:27Z
019dcdb2-43f9-7735-8001-55fb7a1a8203,Zineb Hajji,female,0.77,40,adult,TN,Tunisia,0.81,2026-04-27T06:48:27Z
019dcdb2-43f9-73d2-8013-6de6ab38c4f1,Ama Ouédraogo,male,0.89,68,senior,BJ,Benin,0.56,2026-04-27T06:48:27Z
019dcdb2-43f9-7e18-8001-57459c16e99e,Fatoumata Babatunde,female,0.84,47,adult,GH,Ghana,0.3,2026-04-27T06:48:27Z
019dcdb2-43f9-7304-8011-f432ed524850,Yasmine Lamrani,female,0.79,43,adult,TN,Tunisia,0.67,2026-04-27T06:48:27Z
019dcdb2-43f9-70ab-8019-16e3136ab304,Cheikh Kponton,male,0.96,85,senior,BJ,Benin,0.36,2026-04-27T06:48:27Z
019dcdb2-43f9-7de0-8000-b22804ca3efa,Richard Wright,male,0.88,19,teenager,FR,France,0.13,2026-04-27T06:48:27Z
019dcdb2-43f9-7a60-800d-7cd1b21bbba7,Marcel Nkoghe,male,0.68,31,adult,TD,Chad,0.53,2026-04-27T06:48:27Z
019dcdb2-43f9-731e-800d-b5ee607366ad,Ebo Olawale,male,0.94,75,senior,GH,Ghana,0.74,2026-04-27T06:48:27Z
019dcdb2-43f9-7669-801e-25c73e8683bf,David Allen,male,0.68,16,teenager,JP,Japan,0.44,2026-04-27T06:48:27Z
019dcdb2-43f9-7391-8001-9925713f154c,Hassan Abebe,male,0.69,64,senior,MW,Malawi,0.16,2026-04-27T06:48:27Z
019dcdb2-43f9-746b-8003-b8d115f3deb4,Susan Smith,female,0.85,33,adult,US,United States,0.49,2026-04-27T06:48:27Z
019dcdb2-43fa-78d1-800e-3823b847aca2,Omar Warsame,male,0.8,11,child,MG,Madagascar,0.48,2026-04-27T06:48:27Z
019dcdb2-43fa-796f-8001-062d3bbcdae2,Gary Thomas,male,0.78,34,adult,CN,China,0.14,2026-04-27T06:48:27Z
019dcdb2-43fa-7c7b-8002-ca96f6688c44,Zulai Warsame,female,0.65,62,senior,ER,Eritrea,0.59,2026-04-27T06:48:27Z
019dcdb2-43fa-7057-8015-8ebd6fd7f53b,Joseph Adeyemi,male,0.92,13,teenager,CI,Côte d'Ivoire,0.92,2026-04-27T06:48:27Z
019dcdb2-43fa-7554-800c-25f4a6053b4e,Lindiwe Tadesse,female,0.66,44,adult,KE,Kenya,0.14,2026-04-27T06:48:27Z
019dcdb2-43fa-737f-800b-5da15019e3d8,Jessica Parker,female,0.67,49,adult,US,United States,0.12,2026-04-27T06:48:27Z
019dcdb2-43fa-77b8-8018-2fe4780084f2,Alexis Amoah,male,0.87,67,senior,BJ,Benin,0.85,2026-04-27T06:48:27Z
019dcdb2-43fa-72bf-800a-2d932efab736,Robert Perez,male,0.91,15,teenager,DE,Germany,0.77,2026-04-27T06:48:27Z
019dcdb2-43fa-7ad1-8000-595f3fae88cc,Emmanuel Touré,male,0.71,38,adult,NG,Nigeria,0.51,2026-04-27T06:48:27Z
019dcdb2-43fa-7162-801c-742cfdd6d7c5,Barbara Garcia,female,0.72,58,adult,GB,United Kingdom,0.57,2026-04-27T06:48:27Z
019dcdb2-43fa-7fb7-800d-af1f1d553d4b,Nomsa Haile,female,0.79,21,adult,MG,Madagascar,0.8,2026-04-27T06:48:27Z
019dcdb2-458b-7977-801b-416c883c22fb,Richard Camara,male,0.87,31,adult,NG,Nigeria,0.7,2026-04-27T06:48:27Z
019dcdb2-458b-7503-8012-b1c587efa451,Hauwa Alemu,female,0.76,27,adult,MZ,Mozambique,0.73,2026-04-27T06:48:27Z
019dcdb2-458b-7e82-8009-54ac0dc77fba,Aminata Boateng,female,0.69,10,child,NG,Nigeria,0.72,2026-04-27T06:48:27Z
019dcdb2-458b-7fc3-8004-229065fed4ac,Tigist Ali,female,0.85,61,senior,MZ,Mozambique,0.3,2026-04-27T06:48:27Z
019dcdb2-458c-766c-801e-d1c0ac549eb2,Kamau Omar,male,0.77,34,adult,MW,Malawi,0.43,2026-04-27T06:48:27Z
019dcdb2-458c-7e83-8000-37ccc7def7bc,Daniel Roberts,male,0.67,34,adult,IN,India,0.57,2026-04-27T06:48:27Z
019dcdb2-458c-71d8-800d-2e68dd538c48,Paul Tchalla,male,0.75,27,adult,SL,Sierra Leone,0.45,2026-04-27T06:48:27Z
019dcdb2-458c-7d51-8003-6d39a9cce23e,Yusuf Dlamini,male,0.86,58,adult,SO,Somalia,0.32,2026-04-27T06:48:27Z
019dcdb2-458c-78fc-8004-f8932cd9db35,Adjoua Amoah,female,0.98,18,teenager,ML,Mali,0.52,2026-04-27T06:48:27Z
019dcdb2-458c-71d9-8009-a4921ddc9af2,Akinyi Ali,female,0.84,37,adult,UG,Uganda,0.17,2026-04-27T06:48:27Z
019dcdb2-458c-7a1e-8010-bf801a4a8ae6,Joshua Davis,male,0.84,42,adult,US,United States,0.43,2026-04-27T06:48:27Z
019dcdb2-458c-7a2b-800e-3f4055b17ab0,Ryan Torres,male,0.94,36,adult,GB,United Kingdom,0.51,2026-04-27T06:48:27Z
019ddb72-f38b-789b-8012-f1eaf51cbd55,Test User,male,0.78,63,senior,CH,CH,0.059153961930920346,2026-04-29T22:53:57Z
019df49b-e71c-7940-8013-81cf6abe0327,Amara Okonkwo,female,0.67,55,adult,TN,TN,0.22894547739050602,2026-05-04T20:09:11Z